行业,指标键,层级,指标名称,建议权重,数据来源,评分口径,角色,历史优先级,历史频率,最早回测需要,历史状态,更新备注
交通运输,交通运输|1-BDI指数,先行,1-BDI指数,0.1333,波罗的海交易所,采用5年滚动分位+同比/环比双阈值；数据滞后超过一个频率周期时自动降权。,核心先行,P0,月度；季频指标按实际披露日生效,2020-01-01,待采集,请按评分口径复核最新值、日期和评分。
交通运输,交通运输|2-原油运输指数(BDTI),先行,2-原油运输指数(BDTI),0.0889,波罗的海交易所,采用5年滚动分位+同比/环比双阈值；数据滞后超过一个频率周期时自动降权。,核心先行,P0,月度；季频指标按实际披露日生效,2020-01-01,待采集,请按评分口径复核最新值、日期和评分。
交通运输,交通运输|3-集装箱运价指数(CCFI),先行,3-集装箱运价指数(CCFI),0.1067,上海航运交易所,采用5年滚动分位+同比/环比双阈值；数据滞后超过一个频率周期时自动降权。,核心先行,P0,月度；季频指标按实际披露日生效,2020-01-01,待采集,请按评分口径复核最新值、日期和评分。
交通运输,交通运输|4-航空煤油价格,先行,4-航空煤油价格,0.0711,IATA,改为5年滚动分位(P20/P40/P60/P80)+3个月动量；须与库存、价差或利润交叉确认。,核心先行,P0,月度；季频指标按实际披露日生效,2020-01-01,待采集,请按评分口径复核最新值、日期和评分。
传媒,传媒|1-互联网广告收入增速,先行,1-互联网广告收入增速,0.1333,QuestMobile,采用季调同比+3个月环比；单月值用3个月移动均值过滤。,核心先行,P0,月度；季频指标按实际披露日生效,2020-01-01,待采集,请按评分口径复核最新值、日期和评分。
传媒,传媒|2-游戏版号发放数量,先行,2-游戏版号发放数量,0.1067,国家新闻出版署,滚动3M/4Q同比；以交付、收入或现金流确认，政策/规划单项权重≤8%。,核心先行,P0,月度；季频指标按实际披露日生效,2020-01-01,待采集,请按评分口径复核最新值、日期和评分。
传媒,传媒|3-短视频用户时长,先行,3-短视频用户时长,0.0889,QuestMobile,采用5年滚动分位+同比/环比双阈值；数据滞后超过一个频率周期时自动降权。,核心先行,P0,月度；季频指标按实际披露日生效,2020-01-01,待采集,请按评分口径复核最新值、日期和评分。
传媒,传媒|4-广告主预算变化,先行,4-广告主预算变化,0.0711,CTR,滚动3M/4Q同比；以交付、收入或现金流确认，政策/规划单项权重≤8%。,核心先行,P0,月度；季频指标按实际披露日生效,2020-01-01,待采集,请按评分口径复核最新值、日期和评分。
公用事业,公用事业|1-动力煤价格变化,先行,1-动力煤价格变化,0.1,秦皇岛动力煤,改为5年滚动分位(P20/P40/P60/P80)+3个月动量；须与库存、价差或利润交叉确认。,核心先行,P0,月度；季频指标按实际披露日生效,2020-01-01,待采集,请按评分口径复核最新值、日期和评分。
公用事业,公用事业|2-天然气进口价格,先行,2-天然气进口价格,0.08,海关总署,改为5年滚动分位(P20/P40/P60/P80)+3个月动量；须与库存、价差或利润交叉确认。,核心先行,P0,月度；季频指标按实际披露日生效,2020-01-01,待采集,请按评分口径复核最新值、日期和评分。
公用事业,公用事业|3-来水情况(三峡出库流量),先行,3-来水情况(三峡出库流量),0.0667,长江水利委员会,采用5年滚动分位+同比/环比双阈值；数据滞后超过一个频率周期时自动降权。,核心先行,P0,月度；季频指标按实际披露日生效,2020-01-01,待采集,请按评分口径复核最新值、日期和评分。
公用事业,公用事业|4-新能源装机规划,先行,4-新能源装机规划,0.0533,国家能源局,滚动3M/4Q同比；以交付、收入或现金流确认，政策/规划单项权重≤8%。,核心先行,P0,月度；季频指标按实际披露日生效,2020-01-01,待采集,请按评分口径复核最新值、日期和评分。
农林牧渔,农林牧渔|1-能繁母猪存栏量变化,先行,1-能繁母猪存栏量变化,0.125,农业农村部,采用5年滚动分位+同比/环比双阈值；数据滞后超过一个频率周期时自动降权。,核心先行,P0,月度；季频指标按实际披露日生效,2020-01-01,待采集,请按评分口径复核最新值、日期和评分。
农林牧渔,农林牧渔|2-仔猪价格变化,先行,2-仔猪价格变化,0.125,农业农村部/博亚和讯,改为5年滚动分位(P20/P40/P60/P80)+3个月动量；须与库存、价差或利润交叉确认。,核心先行,P0,月度；季频指标按实际披露日生效,2020-01-01,待采集,请按评分口径复核最新值、日期和评分。
农林牧渔,农林牧渔|3-饲料价格变化,先行,3-饲料价格变化,0.1,中国饲料工业协会,改为5年滚动分位(P20/P40/P60/P80)+3个月动量；须与库存、价差或利润交叉确认。,核心先行,P0,月度；季频指标按实际披露日生效,2020-01-01,待采集,请按评分口径复核最新值、日期和评分。
农林牧渔,农林牧渔|4-农产品进口量增速,先行,4-农产品进口量增速,0.0833,海关总署,采用5年滚动分位+同比/环比双阈值；数据滞后超过一个频率周期时自动降权。,核心先行,P0,月度；季频指标按实际披露日生效,2020-01-01,待采集,请按评分口径复核最新值、日期和评分。
农林牧渔,农林牧渔|5-种植面积变化,先行,5-种植面积变化,0.0667,国家统计局,采用5年滚动分位+同比/环比双阈值；数据滞后超过一个频率周期时自动降权。,核心先行,P0,月度；季频指标按实际披露日生效,2020-01-01,待采集,请按评分口径复核最新值、日期和评分。
医药生物,医药生物|1-创新药IND数量,先行,1-创新药IND数量,0.1667,CDE,采用5年滚动分位+同比/环比双阈值；数据滞后超过一个频率周期时自动降权。,核心先行,P0,月度；季频指标按实际披露日生效,2020-01-01,待采集,请按评分口径复核最新值、日期和评分。
医药生物,医药生物|2-医保谈判降价幅度,先行,2-医保谈判降价幅度,0.1111,国家医保局,采用5年滚动分位+同比/环比双阈值；数据滞后超过一个频率周期时自动降权。,核心先行,P0,月度；季频指标按实际披露日生效,2020-01-01,待采集,请按评分口径复核最新值、日期和评分。
医药生物,医药生物|3-原料药价格变化,先行,3-原料药价格变化,0.1111,健康网,改为5年滚动分位(P20/P40/P60/P80)+3个月动量；须与库存、价差或利润交叉确认。,核心先行,P0,月度；季频指标按实际披露日生效,2020-01-01,待采集,请按评分口径复核最新值、日期和评分。
医药生物,医药生物|4-全球生物医药融资额,先行,4-全球生物医药融资额,0.1111,PitchBook,滚动3M/4Q同比；以交付、收入或现金流确认，政策/规划单项权重≤8%。,核心先行,P0,月度；季频指标按实际披露日生效,2020-01-01,待采集,请按评分口径复核最新值、日期和评分。
商贸零售,商贸零售|1-社会消费品零售总额增速,先行,1-社会消费品零售总额增速,0.1333,国家统计局,采用季调同比+3个月环比；单月值用3个月移动均值过滤。,核心先行,P0,月度；季频指标按实际披露日生效,2020-01-01,待采集,请按评分口径复核最新值、日期和评分。
商贸零售,商贸零售|2-消费者信心指数,先行,2-消费者信心指数,0.1067,国家统计局,采用5年滚动分位+同比/环比双阈值；数据滞后超过一个频率周期时自动降权。,核心先行,P0,月度；季频指标按实际披露日生效,2020-01-01,待采集,请按评分口径复核最新值、日期和评分。
商贸零售,商贸零售|3-人均可支配收入增速,先行,3-人均可支配收入增速,0.0889,国家统计局,采用季调同比+3个月环比；单月值用3个月移动均值过滤。,核心先行,P0,月度；季频指标按实际披露日生效,2020-01-01,待采集,请按评分口径复核最新值、日期和评分。
商贸零售,商贸零售|4-网购渗透率,先行,4-网购渗透率,0.0711,商务部,采用5年滚动分位+同比/环比双阈值；数据滞后超过一个频率周期时自动降权。,核心先行,P0,月度；季频指标按实际披露日生效,2020-01-01,待采集,请按评分口径复核最新值、日期和评分。
国防军工,国防军工|1-国防预算增速,先行,1-国防预算增速,0.1698,全国人大,滚动3M/4Q同比；以交付、收入或现金流确认，政策/规划单项权重≤8%。,核心先行,P0,月度；季频指标按实际披露日生效,2020-01-01,待采集,请按评分口径复核最新值、日期和评分。
国防军工,国防军工|2-军工集团订单公告,先行,2-军工集团订单公告,0.1274,上市公司公告,滚动3M/4Q同比；以交付、收入或现金流确认，政策/规划单项权重≤8%。,核心先行,P0,月度；季频指标按实际披露日生效,2020-01-01,待采集,请按评分口径复核最新值、日期和评分。
国防军工,国防军工|3-军品采购计划,先行,3-军品采购计划,0.0849,全军武器装备采购网,采用5年滚动分位+同比/环比双阈值；数据滞后超过一个频率周期时自动降权。,核心先行,P0,月度；季频指标按实际披露日生效,2020-01-01,待采集,请按评分口径复核最新值、日期和评分。
国防军工,国防军工|4-地缘政治风险指数,先行,4-地缘政治风险指数,0.0679,相关智库,采用5年滚动分位+同比/环比双阈值；数据滞后超过一个频率周期时自动降权。,核心先行,P0,月度；季频指标按实际披露日生效,2020-01-01,待采集,请按评分口径复核最新值、日期和评分。
基础化工,基础化工|1-原油价格变化,先行,1-原油价格变化,0.15,WTI/布伦特,改为5年滚动分位(P20/P40/P60/P80)+3个月动量；须与库存、价差或利润交叉确认。,核心先行,P0,月度；季频指标按实际披露日生效,2020-01-01,待采集,请按评分口径复核最新值、日期和评分。
基础化工,基础化工|2-煤化工原料煤价格,先行,2-煤化工原料煤价格,0.12,秦皇岛动力煤,改为5年滚动分位(P20/P40/P60/P80)+3个月动量；须与库存、价差或利润交叉确认。,核心先行,P0,月度；季频指标按实际披露日生效,2020-01-01,待采集,请按评分口径复核最新值、日期和评分。
基础化工,基础化工|3-化工品产能利用率,先行,3-化工品产能利用率,0.13,卓创资讯,采用TTM/滚动4季同比+历史分位；剔除一次性损益，IRR按项目现金流复核。,核心先行,P0,月度；季频指标按实际披露日生效,2020-01-01,待采集,请按评分口径复核最新值、日期和评分。
基础化工,基础化工|4-新增产能投放计划,先行,4-新增产能投放计划,0.1,公司公告/行业协会,采用5年滚动分位+同比/环比双阈值；数据滞后超过一个频率周期时自动降权。,核心先行,P0,月度；季频指标按实际披露日生效,2020-01-01,待采集,请按评分口径复核最新值、日期和评分。
家用电器,家用电器|1-房地产竣工面积增速,先行,1-房地产竣工面积增速,0.1277,国家统计局,采用5年滚动分位+同比/环比双阈值；数据滞后超过一个频率周期时自动降权。,核心先行,P0,月度；季频指标按实际披露日生效,2020-01-01,待采集,请按评分口径复核最新值、日期和评分。
家用电器,家用电器|2-商品房销售面积增速,先行,2-商品房销售面积增速,0.1021,国家统计局,采用5年滚动分位+同比/环比双阈值；数据滞后超过一个频率周期时自动降权。,核心先行,P0,月度；季频指标按实际披露日生效,2020-01-01,待采集,请按评分口径复核最新值、日期和评分。
家用电器,家用电器|3-铜/钢等原材料价格,先行,3-铜/钢等原材料价格,0.0851,LME/上海期货,改为5年滚动分位(P20/P40/P60/P80)+3个月动量；须与库存、价差或利润交叉确认。,核心先行,P0,月度；季频指标按实际披露日生效,2020-01-01,待采集,请按评分口径复核最新值、日期和评分。
家用电器,家用电器|4-家电企业排产计划,先行,4-家电企业排产计划,0.0851,产业在线,采用5年滚动分位+同比/环比双阈值；数据滞后超过一个频率周期时自动降权。,核心先行,P0,月度；季频指标按实际披露日生效,2020-01-01,待采集,请按评分口径复核最新值、日期和评分。
建筑材料,建筑材料|1-水泥熟料价格,先行,1-水泥熟料价格,0.15,数字水泥网,改为5年滚动分位(P20/P40/P60/P80)+3个月动量；须与库存、价差或利润交叉确认。,核心先行,P0,月度；季频指标按实际披露日生效,2020-01-01,待采集,请按评分口径复核最新值、日期和评分。
建筑材料,建筑材料|2-玻璃原片价格,先行,2-玻璃原片价格,0.12,卓创资讯,改为5年滚动分位(P20/P40/P60/P80)+3个月动量；须与库存、价差或利润交叉确认。,核心先行,P0,月度；季频指标按实际披露日生效,2020-01-01,待采集,请按评分口径复核最新值、日期和评分。
建筑材料,建筑材料|3-房地产新开工面积增速,先行,3-房地产新开工面积增速,0.13,国家统计局,采用5年滚动分位+同比/环比双阈值；数据滞后超过一个频率周期时自动降权。,核心先行,P0,月度；季频指标按实际披露日生效,2020-01-01,待采集,请按评分口径复核最新值、日期和评分。
建筑材料,建筑材料|4-基建投资增速,先行,4-基建投资增速,0.1,国家统计局,采用5年滚动分位+同比/环比双阈值；数据滞后超过一个频率周期时自动降权。,核心先行,P0,月度；季频指标按实际披露日生效,2020-01-01,待采集,请按评分口径复核最新值、日期和评分。
建筑装饰,建筑装饰|1-基建投资计划,先行,1-基建投资计划,0.15,发改委/财政部,采用5年滚动分位+同比/环比双阈值；数据滞后超过一个频率周期时自动降权。,核心先行,P0,月度；季频指标按实际披露日生效,2020-01-01,待采集,请按评分口径复核最新值、日期和评分。
建筑装饰,建筑装饰|2-专项债发行规模,先行,2-专项债发行规模,0.12,财政部,采用5年滚动分位+同比/环比双阈值；数据滞后超过一个频率周期时自动降权。,核心先行,P0,月度；季频指标按实际披露日生效,2020-01-01,待采集,请按评分口径复核最新值、日期和评分。
建筑装饰,建筑装饰|3-房地产新开工面积增速,先行,3-房地产新开工面积增速,0.1,国家统计局,采用5年滚动分位+同比/环比双阈值；数据滞后超过一个频率周期时自动降权。,核心先行,P0,月度；季频指标按实际披露日生效,2020-01-01,待采集,请按评分口径复核最新值、日期和评分。
建筑装饰,建筑装饰|4-钢材价格变化,先行,4-钢材价格变化,0.08,上海钢联,改为5年滚动分位(P20/P40/P60/P80)+3个月动量；须与库存、价差或利润交叉确认。,核心先行,P0,月度；季频指标按实际披露日生效,2020-01-01,待采集,请按评分口径复核最新值、日期和评分。
房地产,房地产|1-百城土地成交面积增速,先行,1-百城土地成交面积增速,0.1667,中指院,采用5年滚动分位+同比/环比双阈值；数据滞后超过一个频率周期时自动降权。,核心先行,P0,月度；季频指标按实际披露日生效,2020-01-01,待采集,请按评分口径复核最新值、日期和评分。
房地产,房地产|2-房企拿地金额增速,先行,2-房企拿地金额增速,0.1333,中指院,采用5年滚动分位+同比/环比双阈值；数据滞后超过一个频率周期时自动降权。,核心先行,P0,月度；季频指标按实际披露日生效,2020-01-01,待采集,请按评分口径复核最新值、日期和评分。
房地产,房地产|3-房贷利率,先行,3-房贷利率,0.1111,央行,改为5年滚动分位(P20/P40/P60/P80)+3个月动量；须与库存、价差或利润交叉确认。,核心先行,P0,月度；季频指标按实际披露日生效,2020-01-01,待采集,请按评分口径复核最新值、日期和评分。
房地产,房地产|4-房地产信托发行规模,先行,4-房地产信托发行规模,0.0889,用益信托,采用5年滚动分位+同比/环比双阈值；数据滞后超过一个频率周期时自动降权。,核心先行,P0,月度；季频指标按实际披露日生效,2020-01-01,待采集,请按评分口径复核最新值、日期和评分。
有色金属,有色金属|1-LME铜库存变化,先行,1-LME铜库存变化,0.15,LME,采用同比、环比、历史分位三维评分；按去库/改善方向计分。,核心先行,P0,月度；季频指标按实际披露日生效,2020-01-01,待采集,请按评分口径复核最新值、日期和评分。
有色金属,有色金属|2-铜精矿TC/RC,先行,2-铜精矿TC/RC,0.12,SMM,改为5年滚动分位(P20/P40/P60/P80)+3个月动量；须与库存、价差或利润交叉确认。,核心先行,P0,月度；季频指标按实际披露日生效,2020-01-01,待采集,请按评分口径复核最新值、日期和评分。
有色金属,有色金属|3-美元指数,先行,3-美元指数,0.1,美联储,采用5年滚动分位+同比/环比双阈值；数据滞后超过一个频率周期时自动降权。,核心先行,P0,月度；季频指标按实际披露日生效,2020-01-01,待采集,请按评分口径复核最新值、日期和评分。
有色金属,有色金属|4-全球矿山资本开支增速,先行,4-全球矿山资本开支增速,0.08,Wood Mackenzie,采用5年滚动分位+同比/环比双阈值；数据滞后超过一个频率周期时自动降权。,核心先行,P0,月度；季频指标按实际披露日生效,2020-01-01,待采集,请按评分口径复核最新值、日期和评分。
机械设备,机械设备|1-制造业固定资产投资增速,先行,1-制造业固定资产投资增速,0.1667,国家统计局,采用5年滚动分位+同比/环比双阈值；数据滞后超过一个频率周期时自动降权。,核心先行,P0,月度；季频指标按实际披露日生效,2020-01-01,待采集,请按评分口径复核最新值、日期和评分。
机械设备,机械设备|2-挖掘机开工小时数,先行,2-挖掘机开工小时数,0.1333,小松,采用5年滚动分位+同比/环比双阈值；数据滞后超过一个频率周期时自动降权。,核心先行,P0,月度；季频指标按实际披露日生效,2020-01-01,待采集,请按评分口径复核最新值、日期和评分。
机械设备,机械设备|3-机床订单增速,先行,3-机床订单增速,0.1111,日本机床工业协会,滚动3M/4Q同比；以交付、收入或现金流确认，政策/规划单项权重≤8%。,核心先行,P0,月度；季频指标按实际披露日生效,2020-01-01,待采集,请按评分口径复核最新值、日期和评分。
机械设备,机械设备|4-工业机器人产量增速,先行,4-工业机器人产量增速,0.0889,国家统计局,采用季调同比+3个月环比；单月值用3个月移动均值过滤。,核心先行,P0,月度；季频指标按实际披露日生效,2020-01-01,待采集,请按评分口径复核最新值、日期和评分。
汽车,汽车|1-汽车经销商库存系数,先行,1-汽车经销商库存系数,0.1333,中国汽车流通协会,采用同比、环比、历史分位三维评分；按去库/改善方向计分。,核心先行,P0,月度；季频指标按实际披露日生效,2020-01-01,待采集,请按评分口径复核最新值、日期和评分。
汽车,汽车|2-新能源汽车渗透率,先行,2-新能源汽车渗透率,0.1067,中汽协,采用5年滚动分位+同比/环比双阈值；数据滞后超过一个频率周期时自动降权。,核心先行,P0,月度；季频指标按实际披露日生效,2020-01-01,待采集,请按评分口径复核最新值、日期和评分。
汽车,汽车|3-动力电池装车量增速,先行,3-动力电池装车量增速,0.0889,中国汽车动力电池产业创新联盟,采用5年滚动分位+同比/环比双阈值；数据滞后超过一个频率周期时自动降权。,核心先行,P0,月度；季频指标按实际披露日生效,2020-01-01,待采集,请按评分口径复核最新值、日期和评分。
汽车,汽车|4-汽车出口量增速,先行,4-汽车出口量增速,0.0711,海关总署,采用5年滚动分位+同比/环比双阈值；数据滞后超过一个频率周期时自动降权。,核心先行,P0,月度；季频指标按实际披露日生效,2020-01-01,待采集,请按评分口径复核最新值、日期和评分。
煤炭,煤炭|1-动力煤港口库存,先行,1-动力煤港口库存,0.1667,秦皇岛港,采用同比、环比、历史分位三维评分；按去库/改善方向计分。,核心先行,P0,月度；季频指标按实际披露日生效,2020-01-01,待采集,请按评分口径复核最新值、日期和评分。
煤炭,煤炭|2-焦煤港口库存,先行,2-焦煤港口库存,0.1111,京唐港,采用同比、环比、历史分位三维评分；按去库/改善方向计分。,核心先行,P0,月度；季频指标按实际披露日生效,2020-01-01,待采集,请按评分口径复核最新值、日期和评分。
煤炭,煤炭|3-电厂日耗煤量,先行,3-电厂日耗煤量,0.1333,六大电厂,采用5年滚动分位+同比/环比双阈值；数据滞后超过一个频率周期时自动降权。,核心先行,P0,月度；季频指标按实际披露日生效,2020-01-01,待采集,请按评分口径复核最新值、日期和评分。
煤炭,煤炭|4-进口煤数量增速,先行,4-进口煤数量增速,0.0889,海关总署,采用5年滚动分位+同比/环比双阈值；数据滞后超过一个频率周期时自动降权。,核心先行,P0,月度；季频指标按实际披露日生效,2020-01-01,待采集,请按评分口径复核最新值、日期和评分。
环保,环保|1-环保固定资产投资计划,先行,1-环保固定资产投资计划,0.15,发改委,采用5年滚动分位+同比/环比双阈值；数据滞后超过一个频率周期时自动降权。,核心先行,P0,月度；季频指标按实际披露日生效,2020-01-01,待采集,请按评分口径复核最新值、日期和评分。
环保,环保|2-环保政策发布数量,先行,2-环保政策发布数量,0.1,生态环境部,滚动3M/4Q同比；以交付、收入或现金流确认，政策/规划单项权重≤8%。,核心先行,P0,月度；季频指标按实际披露日生效,2020-01-01,待采集,请按评分口径复核最新值、日期和评分。
环保,环保|3-碳交易价格,先行,3-碳交易价格,0.12,全国碳市场,改为5年滚动分位(P20/P40/P60/P80)+3个月动量；须与库存、价差或利润交叉确认。,核心先行,P0,月度；季频指标按实际披露日生效,2020-01-01,待采集,请按评分口径复核最新值、日期和评分。
环保,环保|4-地方政府环保支出,先行,4-地方政府环保支出,0.08,财政部,采用5年滚动分位+同比/环比双阈值；数据滞后超过一个频率周期时自动降权。,核心先行,P0,月度；季频指标按实际披露日生效,2020-01-01,待采集,请按评分口径复核最新值、日期和评分。
电力设备,电力设备|1-光伏组件价格,先行,1-光伏组件价格,0.0947,PV InfoLink,改为5年滚动分位(P20/P40/P60/P80)+3个月动量；须与库存、价差或利润交叉确认。,核心先行,P0,月度；季频指标按实际披露日生效,2020-01-01,待采集,请按评分口径复核最新值、日期和评分。
电力设备,电力设备|2-硅料价格,先行,2-硅料价格,0.0789,硅业分会,改为5年滚动分位(P20/P40/P60/P80)+3个月动量；须与库存、价差或利润交叉确认。,核心先行,P0,月度；季频指标按实际披露日生效,2020-01-01,待采集,请按评分口径复核最新值、日期和评分。
电力设备,电力设备|3-锂电池价格,先行,3-锂电池价格,0.0947,SMM,改为5年滚动分位(P20/P40/P60/P80)+3个月动量；须与库存、价差或利润交叉确认。,核心先行,P0,月度；季频指标按实际披露日生效,2020-01-01,待采集,请按评分口径复核最新值、日期和评分。
电力设备,电力设备|4-风电招标量,先行,4-风电招标量,0.1026,金风科技/中国风能协会,滚动3M/4Q同比；以交付、收入或现金流确认，政策/规划单项权重≤8%。,核心先行,P0,月度；季频指标按实际披露日生效,2020-01-01,待采集,请按评分口径复核最新值、日期和评分。
电力设备,电力设备|5-电网投资计划,先行,5-电网投资计划,0.0789,国家电网/南方电网,采用5年滚动分位+同比/环比双阈值；数据滞后超过一个频率周期时自动降权。,核心先行,P0,月度；季频指标按实际披露日生效,2020-01-01,待采集,请按评分口径复核最新值、日期和评分。
电子,电子|1-全球半导体销售额增速,先行,1-全球半导体销售额增速,0.1364,SIA/WSTS,采用5年滚动分位+同比/环比双阈值；数据滞后超过一个频率周期时自动降权。,核心先行,P0,月度；季频指标按实际披露日生效,2020-01-01,待采集,请按评分口径复核最新值、日期和评分。
电子,电子|2-存储芯片价格变化,先行,2-存储芯片价格变化,0.1091,DRAMeXchange,改为5年滚动分位(P20/P40/P60/P80)+3个月动量；须与库存、价差或利润交叉确认。,核心先行,P0,月度；季频指标按实际披露日生效,2020-01-01,待采集,请按评分口径复核最新值、日期和评分。
电子,电子|3-硅片出货量增速,先行,3-硅片出货量增速,0.0909,SEMI,采用季调同比+3个月环比；单月值用3个月移动均值过滤。,核心先行,P0,月度；季频指标按实际披露日生效,2020-01-01,待采集,请按评分口径复核最新值、日期和评分。
电子,电子|4-设备商订单增速,先行,4-设备商订单增速,0.0909,应用材料/ASML财报,滚动3M/4Q同比；以交付、收入或现金流确认，政策/规划单项权重≤8%。,核心先行,P0,月度；季频指标按实际披露日生效,2020-01-01,待采集,请按评分口径复核最新值、日期和评分。
电子,电子|5-下游客户库存周转天数,先行,5-下游客户库存周转天数,0.0727,下游公司财报,采用同比、环比、历史分位三维评分；按去库/改善方向计分。,核心先行,P0,月度；季频指标按实际披露日生效,2020-01-01,待采集,请按评分口径复核最新值、日期和评分。
石油石化,石油石化|1-原油价格(Brent),先行,1-原油价格(Brent),0.1744,ICE,改为5年滚动分位(P20/P40/P60/P80)+3个月动量；须与库存、价差或利润交叉确认。,核心先行,P0,月度；季频指标按实际披露日生效,2020-01-01,待采集,请按评分口径复核最新值、日期和评分。
石油石化,石油石化|2-OPEC+产量政策,先行,2-OPEC+产量政策,0.1163,OPEC,滚动3M/4Q同比；以交付、收入或现金流确认，政策/规划单项权重≤8%。,核心先行,P0,月度；季频指标按实际披露日生效,2020-01-01,待采集,请按评分口径复核最新值、日期和评分。
石油石化,石油石化|3-美国原油库存变化,先行,3-美国原油库存变化,0.1163,EIA,采用同比、环比、历史分位三维评分；按去库/改善方向计分。,核心先行,P0,月度；季频指标按实际披露日生效,2020-01-01,待采集,请按评分口径复核最新值、日期和评分。
石油石化,石油石化|4-全球石油需求预期,先行,4-全球石油需求预期,0.093,IEA/EIA/OPEC,采用5年滚动分位+同比/环比双阈值；数据滞后超过一个频率周期时自动降权。,核心先行,P0,月度；季频指标按实际披露日生效,2020-01-01,待采集,请按评分口径复核最新值、日期和评分。
社会服务,社会服务|1-居民可支配收入增速,先行,1-居民可支配收入增速,0.1333,国家统计局,采用季调同比+3个月环比；单月值用3个月移动均值过滤。,核心先行,P0,月度；季频指标按实际披露日生效,2020-01-01,待采集,请按评分口径复核最新值、日期和评分。
社会服务,社会服务|2-节假日旅游预订量,先行,2-节假日旅游预订量,0.1067,携程/去哪儿,采用5年滚动分位+同比/环比双阈值；数据滞后超过一个频率周期时自动降权。,核心先行,P0,月度；季频指标按实际披露日生效,2020-01-01,待采集,请按评分口径复核最新值、日期和评分。
社会服务,社会服务|3-航空客座率,先行,3-航空客座率,0.0889,民航局,采用5年滚动分位+同比/环比双阈值；数据滞后超过一个频率周期时自动降权。,核心先行,P0,月度；季频指标按实际披露日生效,2020-01-01,待采集,请按评分口径复核最新值、日期和评分。
社会服务,社会服务|4-酒店RevPAR,先行,4-酒店RevPAR,0.0711,STR,采用5年滚动分位+同比/环比双阈值；数据滞后超过一个频率周期时自动降权。,核心先行,P0,月度；季频指标按实际披露日生效,2020-01-01,待采集,请按评分口径复核最新值、日期和评分。
纺织服饰,纺织服饰|1-棉花价格变化,先行,1-棉花价格变化,0.1333,郑商所/ICE,改为5年滚动分位(P20/P40/P60/P80)+3个月动量；须与库存、价差或利润交叉确认。,核心先行,P0,月度；季频指标按实际披露日生效,2020-01-01,待采集,请按评分口径复核最新值、日期和评分。
纺织服饰,纺织服饰|2-化纤价格变化,先行,2-化纤价格变化,0.1067,CCFEI,改为5年滚动分位(P20/P40/P60/P80)+3个月动量；须与库存、价差或利润交叉确认。,核心先行,P0,月度；季频指标按实际披露日生效,2020-01-01,待采集,请按评分口径复核最新值、日期和评分。
纺织服饰,纺织服饰|3-美国服装零售库存,先行,3-美国服装零售库存,0.0889,美国商务部,采用同比、环比、历史分位三维评分；按去库/改善方向计分。,核心先行,P0,月度；季频指标按实际披露日生效,2020-01-01,待采集,请按评分口径复核最新值、日期和评分。
纺织服饰,纺织服饰|4-人民币汇率,先行,4-人民币汇率,0.0711,中国外汇交易中心,采用5年滚动分位+同比/环比双阈值；数据滞后超过一个频率周期时自动降权。,核心先行,P0,月度；季频指标按实际披露日生效,2020-01-01,待采集,请按评分口径复核最新值、日期和评分。
综合,综合|1-宏观经济景气指数,先行,1-宏观经济景气指数,0.2,国家统计局,采用5年滚动分位+同比/环比双阈值；数据滞后超过一个频率周期时自动降权。,核心先行,P0,月度；季频指标按实际披露日生效,2020-01-01,待采集,请按评分口径复核最新值、日期和评分。
综合,综合|2-制造业PMI,先行,2-制造业PMI,0.15,国家统计局,采用5年滚动分位+同比/环比双阈值；数据滞后超过一个频率周期时自动降权。,核心先行,P0,月度；季频指标按实际披露日生效,2020-01-01,待采集,请按评分口径复核最新值、日期和评分。
综合,综合|3-新增社融规模,先行,3-新增社融规模,0.1,央行,采用5年滚动分位+同比/环比双阈值；数据滞后超过一个频率周期时自动降权。,核心先行,P0,月度；季频指标按实际披露日生效,2020-01-01,待采集,请按评分口径复核最新值、日期和评分。
美容护理,美容护理|1-居民人均可支配收入增速,先行,1-居民人均可支配收入增速,0.1333,国家统计局,采用季调同比+3个月环比；单月值用3个月移动均值过滤。,核心先行,P0,月度；季频指标按实际披露日生效,2020-01-01,待采集,请按评分口径复核最新值、日期和评分。
美容护理,美容护理|2-化妆品进口金额增速,先行,2-化妆品进口金额增速,0.0889,海关总署,采用5年滚动分位+同比/环比双阈值；数据滞后超过一个频率周期时自动降权。,核心先行,P0,月度；季频指标按实际披露日生效,2020-01-01,待采集,请按评分口径复核最新值、日期和评分。
美容护理,美容护理|3-消费者信心指数,先行,3-消费者信心指数,0.1067,国家统计局,采用5年滚动分位+同比/环比双阈值；数据滞后超过一个频率周期时自动降权。,核心先行,P0,月度；季频指标按实际披露日生效,2020-01-01,待采集,请按评分口径复核最新值、日期和评分。
美容护理,美容护理|4-社交媒体美妆话题热度,先行,4-社交媒体美妆话题热度,0.0711,相关平台,采用5年滚动分位+同比/环比双阈值；数据滞后超过一个频率周期时自动降权。,核心先行,P0,月度；季频指标按实际披露日生效,2020-01-01,待采集,请按评分口径复核最新值、日期和评分。
计算机,计算机|1-全球IT支出增速,先行,1-全球IT支出增速,0.15,Gartner,采用5年滚动分位+同比/环比双阈值；数据滞后超过一个频率周期时自动降权。,核心先行,P0,月度；季频指标按实际披露日生效,2020-01-01,待采集,请按评分口径复核最新值、日期和评分。
计算机,计算机|2-云计算资本开支,先行,2-云计算资本开支,0.12,AWS/Azure/阿里云,采用5年滚动分位+同比/环比双阈值；数据滞后超过一个频率周期时自动降权。,核心先行,P0,月度；季频指标按实际披露日生效,2020-01-01,待采集,请按评分口径复核最新值、日期和评分。
计算机,计算机|3-AI服务器出货量,先行,3-AI服务器出货量,0.13,IDC,采用季调同比+3个月环比；单月值用3个月移动均值过滤。,核心先行,P0,月度；季频指标按实际披露日生效,2020-01-01,待采集,请按评分口径复核最新值、日期和评分。
计算机,计算机|4-软件业收入增速,先行,4-软件业收入增速,0.1,工信部,采用季调同比+3个月环比；单月值用3个月移动均值过滤。,核心先行,P0,月度；季频指标按实际披露日生效,2020-01-01,待采集,请按评分口径复核最新值、日期和评分。
轻工制造,轻工制造|1-纸浆价格变化,先行,1-纸浆价格变化,0.1333,针叶浆/阔叶浆,改为5年滚动分位(P20/P40/P60/P80)+3个月动量；须与库存、价差或利润交叉确认。,核心先行,P0,月度；季频指标按实际披露日生效,2020-01-01,待采集,请按评分口径复核最新值、日期和评分。
轻工制造,轻工制造|2-木材价格变化,先行,2-木材价格变化,0.0889,木材指数,改为5年滚动分位(P20/P40/P60/P80)+3个月动量；须与库存、价差或利润交叉确认。,核心先行,P0,月度；季频指标按实际披露日生效,2020-01-01,待采集,请按评分口径复核最新值、日期和评分。
轻工制造,轻工制造|3-房地产竣工面积增速,先行,3-房地产竣工面积增速,0.1067,国家统计局,采用5年滚动分位+同比/环比双阈值；数据滞后超过一个频率周期时自动降权。,核心先行,P0,月度；季频指标按实际披露日生效,2020-01-01,待采集,请按评分口径复核最新值、日期和评分。
轻工制造,轻工制造|4-美国新房销售,先行,4-美国新房销售,0.0711,美国商务部,采用5年滚动分位+同比/环比双阈值；数据滞后超过一个频率周期时自动降权。,核心先行,P0,月度；季频指标按实际披露日生效,2020-01-01,待采集,请按评分口径复核最新值、日期和评分。
通信,通信|1-5G基站建设进度,先行,1-5G基站建设进度,0.1667,工信部,采用5年滚动分位+同比/环比双阈值；数据滞后超过一个频率周期时自动降权。,核心先行,P0,月度；季频指标按实际披露日生效,2020-01-01,待采集,请按评分口径复核最新值、日期和评分。
通信,通信|2-运营商资本开支,先行,2-运营商资本开支,0.1333,三大运营商,采用5年滚动分位+同比/环比双阈值；数据滞后超过一个频率周期时自动降权。,核心先行,P0,月度；季频指标按实际披露日生效,2020-01-01,待采集,请按评分口径复核最新值、日期和评分。
通信,通信|3-光模块出货量,先行,3-光模块出货量,0.1111,LightCounting,采用季调同比+3个月环比；单月值用3个月移动均值过滤。,核心先行,P0,月度；季频指标按实际披露日生效,2020-01-01,待采集,请按评分口径复核最新值、日期和评分。
通信,通信|4-数据中心建设规模,先行,4-数据中心建设规模,0.0889,工信部,采用5年滚动分位+同比/环比双阈值；数据滞后超过一个频率周期时自动降权。,核心先行,P0,月度；季频指标按实际披露日生效,2020-01-01,待采集,请按评分口径复核最新值、日期和评分。
钢铁,钢铁|1-铁矿石价格变化,先行,1-铁矿石价格变化,0.15,普氏62%指数,改为5年滚动分位(P20/P40/P60/P80)+3个月动量；须与库存、价差或利润交叉确认。,核心先行,P0,月度；季频指标按实际披露日生效,2020-01-01,待采集,请按评分口径复核最新值、日期和评分。
钢铁,钢铁|2-焦煤价格变化,先行,2-焦煤价格变化,0.12,CCI指数,改为5年滚动分位(P20/P40/P60/P80)+3个月动量；须与库存、价差或利润交叉确认。,核心先行,P0,月度；季频指标按实际披露日生效,2020-01-01,待采集,请按评分口径复核最新值、日期和评分。
钢铁,钢铁|3-高炉开工率,先行,3-高炉开工率,0.13,Mysteel,采用5年滚动分位+同比/环比双阈值；数据滞后超过一个频率周期时自动降权。,核心先行,P0,月度；季频指标按实际披露日生效,2020-01-01,待采集,请按评分口径复核最新值、日期和评分。
钢铁,钢铁|4-钢材社会库存变化,先行,4-钢材社会库存变化,0.1,Mysteel,采用同比、环比、历史分位三维评分；按去库/改善方向计分。,核心先行,P0,月度；季频指标按实际披露日生效,2020-01-01,待采集,请按评分口径复核最新值、日期和评分。
银行,银行|1-社融规模增速,先行,1-社融规模增速,0.1,央行,采用5年滚动分位+同比/环比双阈值；数据滞后超过一个频率周期时自动降权。,核心先行,P0,月度；季频指标按实际披露日生效,2020-01-01,待采集,请按评分口径复核最新值、日期和评分。
银行,银行|2-M2增速,先行,2-M2增速,0.08,央行,采用5年滚动分位+同比/环比双阈值；数据滞后超过一个频率周期时自动降权。,核心先行,P0,月度；季频指标按实际披露日生效,2020-01-01,待采集,请按评分口径复核最新值、日期和评分。
银行,银行|3-10年期国债收益率,先行,3-10年期国债收益率,0.0667,中债登,采用5年滚动分位+同比/环比双阈值；数据滞后超过一个频率周期时自动降权。,核心先行,P0,月度；季频指标按实际披露日生效,2020-01-01,待采集,请按评分口径复核最新值、日期和评分。
银行,银行|4-LPR利率变化,先行,4-LPR利率变化,0.0533,央行,改为5年滚动分位(P20/P40/P60/P80)+3个月动量；须与库存、价差或利润交叉确认。,核心先行,P0,月度；季频指标按实际披露日生效,2020-01-01,待采集,请按评分口径复核最新值、日期和评分。
非银金融,非银金融|1-A股日均成交额,先行,1-A股日均成交额,0.1167,交易所,采用5年滚动分位+同比/环比双阈值；数据滞后超过一个频率周期时自动降权。,核心先行,P0,月度；季频指标按实际披露日生效,2020-01-01,待采集,请按评分口径复核最新值、日期和评分。
非银金融,非银金融|2-两融余额变化,先行,2-两融余额变化,0.0933,交易所,采用5年滚动分位+同比/环比双阈值；数据滞后超过一个频率周期时自动降权。,核心先行,P0,月度；季频指标按实际披露日生效,2020-01-01,待采集,请按评分口径复核最新值、日期和评分。
非银金融,非银金融|3-新成立基金规模,先行,3-新成立基金规模,0.0778,中基协,采用5年滚动分位+同比/环比双阈值；数据滞后超过一个频率周期时自动降权。,核心先行,P0,月度；季频指标按实际披露日生效,2020-01-01,待采集,请按评分口径复核最新值、日期和评分。
非银金融,非银金融|4-IPO/再融资规模,先行,4-IPO/再融资规模,0.0622,证监会,滚动3M/4Q同比；以交付、收入或现金流确认，政策/规划单项权重≤8%。,核心先行,P0,月度；季频指标按实际披露日生效,2020-01-01,待采集,请按评分口径复核最新值、日期和评分。
食品饮料,食品饮料|1-粮食价格变化,先行,1-粮食价格变化,0.08,农业农村部,改为5年滚动分位(P20/P40/P60/P80)+3个月动量；须与库存、价差或利润交叉确认。,核心先行,P0,月度；季频指标按实际披露日生效,2020-01-01,待采集,请按评分口径复核最新值、日期和评分。
食品饮料,食品饮料|2-包材价格变化,先行,2-包材价格变化,0.0667,生意社,改为5年滚动分位(P20/P40/P60/P80)+3个月动量；须与库存、价差或利润交叉确认。,核心先行,P0,月度；季频指标按实际披露日生效,2020-01-01,待采集,请按评分口径复核最新值、日期和评分。
食品饮料,食品饮料|3-消费者信心指数,先行,3-消费者信心指数,0.0867,国家统计局,采用5年滚动分位+同比/环比双阈值；数据滞后超过一个频率周期时自动降权。,核心先行,P0,月度；季频指标按实际披露日生效,2020-01-01,待采集,请按评分口径复核最新值、日期和评分。
食品饮料,食品饮料|4-社会消费品零售总额增速,先行,4-社会消费品零售总额增速,0.0667,国家统计局,采用季调同比+3个月环比；单月值用3个月移动均值过滤。,核心先行,P0,月度；季频指标按实际披露日生效,2020-01-01,待采集,请按评分口径复核最新值、日期和评分。
交通运输,交通运输|10-交运行业资产负债率,滞后,10-交运行业资产负债率,0.064,上市公司财报,采用同比、环比、历史分位三维评分；按去库/改善方向计分。,质量验证,P1,月度；季频指标按实际披露日生效,2020-01-01,待采集,请按评分口径复核最新值、日期和评分。
交通运输,交通运输|11-交运行业固定资产投资,滞后,11-交运行业固定资产投资,0.056,国家统计局,采用5年滚动分位+同比/环比双阈值；数据滞后超过一个频率周期时自动降权。,质量验证,P1,月度；季频指标按实际披露日生效,2020-01-01,待采集,请按评分口径复核最新值、日期和评分。
交通运输,交通运输|5-港口货物吞吐量增速,同步,5-港口货物吞吐量增速,0.12,交通运输部,采用季调同比+3个月环比；单月值用3个月移动均值过滤。,同步确认,P1,月度；季频指标按实际披露日生效,2020-01-01,待采集,请按评分口径复核最新值、日期和评分。
交通运输,交通运输|6-民航客运量增速,同步,6-民航客运量增速,0.12,民航局,采用季调同比+3个月环比；单月值用3个月移动均值过滤。,同步确认,P1,月度；季频指标按实际披露日生效,2020-01-01,待采集,请按评分口径复核最新值、日期和评分。
交通运输,交通运输|7-铁路货运量增速,同步,7-铁路货运量增速,0.08,国铁集团,采用季调同比+3个月环比；单月值用3个月移动均值过滤。,同步确认,P1,月度；季频指标按实际披露日生效,2020-01-01,待采集,请按评分口径复核最新值、日期和评分。
交通运输,交通运输|8-快递业务量增速,同步,8-快递业务量增速,0.08,国家邮政局,采用季调同比+3个月环比；单月值用3个月移动均值过滤。,同步确认,P1,月度；季频指标按实际披露日生效,2020-01-01,待采集,请按评分口径复核最新值、日期和评分。
交通运输,交通运输|9-交运企业季度净利润,滞后,9-交运企业季度净利润,0.08,上市公司财报,采用TTM/滚动4季同比+历史分位；剔除一次性损益，IRR按项目现金流复核。,质量验证,P1,月度；季频指标按实际披露日生效,2020-01-01,待采集,请按评分口径复核最新值、日期和评分。
传媒,传媒|10-传媒行业毛利率,滞后,10-传媒行业毛利率,0.064,上市公司财报,改为5年滚动分位(P20/P40/P60/P80)+3个月动量；须与库存、价差或利润交叉确认。,质量验证,P1,月度；季频指标按实际披露日生效,2020-01-01,待采集,请按评分口径复核最新值、日期和评分。
传媒,传媒|11-传媒行业人均产出,滞后,11-传媒行业人均产出,0.056,上市公司财报,采用5年滚动分位+同比/环比双阈值；数据滞后超过一个频率周期时自动降权。,质量验证,P1,月度；季频指标按实际披露日生效,2020-01-01,待采集,请按评分口径复核最新值、日期和评分。
传媒,传媒|5-游戏市场规模,同步,5-游戏市场规模,0.12,伽马数据,采用5年滚动分位+同比/环比双阈值；数据滞后超过一个频率周期时自动降权。,同步确认,P1,月度；季频指标按实际披露日生效,2020-01-01,待采集,请按评分口径复核最新值、日期和评分。
传媒,传媒|6-电影票房收入,同步,6-电影票房收入,0.1,猫眼/灯塔,采用季调同比+3个月环比；单月值用3个月移动均值过滤。,同步确认,P1,月度；季频指标按实际披露日生效,2020-01-01,待采集,请按评分口径复核最新值、日期和评分。
传媒,传媒|7-在线视频付费用户数,同步,7-在线视频付费用户数,0.1,爱奇艺/腾讯视频,采用5年滚动分位+同比/环比双阈值；数据滞后超过一个频率周期时自动降权。,同步确认,P1,月度；季频指标按实际披露日生效,2020-01-01,待采集,请按评分口径复核最新值、日期和评分。
传媒,传媒|8-直播电商GMV,同步,8-直播电商GMV,0.08,相关统计,采用5年滚动分位+同比/环比双阈值；数据滞后超过一个频率周期时自动降权。,同步确认,P1,月度；季频指标按实际披露日生效,2020-01-01,待采集,请按评分口径复核最新值、日期和评分。
传媒,传媒|9-传媒企业季度净利润,滞后,9-传媒企业季度净利润,0.08,上市公司财报,采用TTM/滚动4季同比+历史分位；剔除一次性损益，IRR按项目现金流复核。,质量验证,P1,月度；季频指标按实际披露日生效,2020-01-01,待采集,请按评分口径复核最新值、日期和评分。
公用事业,公用事业|10-电力行业资产负债率,滞后,10-电力行业资产负债率,0.08,上市公司财报,采用同比、环比、历史分位三维评分；按去库/改善方向计分。,质量验证,P1,月度；季频指标按实际披露日生效,2020-01-01,待采集,请按评分口径复核最新值、日期和评分。
公用事业,公用事业|11-电力行业固定资产投资,滞后,11-电力行业固定资产投资,0.07,国家统计局,采用5年滚动分位+同比/环比双阈值；数据滞后超过一个频率周期时自动降权。,质量验证,P1,月度；季频指标按实际披露日生效,2020-01-01,待采集,请按评分口径复核最新值、日期和评分。
公用事业,公用事业|5-全社会用电量增速,同步,5-全社会用电量增速,0.1646,国家能源局,采用5年滚动分位+同比/环比双阈值；数据滞后超过一个频率周期时自动降权。,同步确认,P1,月度；季频指标按实际披露日生效,2020-01-01,待采集,请按评分口径复核最新值、日期和评分。
公用事业,公用事业|6-火电利用小时数,同步,6-火电利用小时数,0.1098,国家能源局,采用5年滚动分位+同比/环比双阈值；数据滞后超过一个频率周期时自动降权。,同步确认,P1,月度；季频指标按实际披露日生效,2020-01-01,待采集,请按评分口径复核最新值、日期和评分。
公用事业,公用事业|7-水电利用小时数,同步,7-水电利用小时数,0.0878,国家能源局,采用5年滚动分位+同比/环比双阈值；数据滞后超过一个频率周期时自动降权。,同步确认,P1,月度；季频指标按实际披露日生效,2020-01-01,待采集,请按评分口径复核最新值、日期和评分。
公用事业,公用事业|8-风电/光伏利用小时数,同步,8-风电/光伏利用小时数,0.0878,国家能源局,采用5年滚动分位+同比/环比双阈值；数据滞后超过一个频率周期时自动降权。,同步确认,P1,月度；季频指标按实际披露日生效,2020-01-01,待采集,请按评分口径复核最新值、日期和评分。
公用事业,公用事业|9-电力企业季度ROE,滞后,9-电力企业季度ROE,0.1,上市公司财报,采用TTM/滚动4季同比+历史分位；剔除一次性损益，IRR按项目现金流复核。,质量验证,P1,月度；季频指标按实际披露日生效,2020-01-01,待采集,请按评分口径复核最新值、日期和评分。
农林牧渔,农林牧渔|10-养殖企业季度净利润率,滞后,10-养殖企业季度净利润率,0.06,上市公司财报,采用TTM/滚动4季同比+历史分位；剔除一次性损益，IRR按项目现金流复核。,质量验证,P1,月度；季频指标按实际披露日生效,2020-01-01,待采集,请按评分口径复核最新值、日期和评分。
农林牧渔,农林牧渔|11-农林牧渔固定资产投资增速,滞后,11-农林牧渔固定资产投资增速,0.048,国家统计局,采用5年滚动分位+同比/环比双阈值；数据滞后超过一个频率周期时自动降权。,质量验证,P1,月度；季频指标按实际披露日生效,2020-01-01,待采集,请按评分口径复核最新值、日期和评分。
农林牧渔,农林牧渔|12-CPI食品项同比,滞后,12-CPI食品项同比,0.042,国家统计局,采用5年滚动分位+同比/环比双阈值；数据滞后超过一个频率周期时自动降权。,质量验证,P1,月度；季频指标按实际披露日生效,2020-01-01,待采集,请按评分口径复核最新值、日期和评分。
农林牧渔,农林牧渔|6-生猪出栏均价,同步,6-生猪出栏均价,0.1312,农业农村部,改为5年滚动分位(P20/P40/P60/P80)+3个月动量；须与库存、价差或利润交叉确认。,同步确认,P1,月度；季频指标按实际披露日生效,2020-01-01,待采集,请按评分口径复核最新值、日期和评分。
农林牧渔,农林牧渔|7-白羽肉鸡价格,同步,7-白羽肉鸡价格,0.0875,博亚和讯,改为5年滚动分位(P20/P40/P60/P80)+3个月动量；须与库存、价差或利润交叉确认。,同步确认,P1,月度；季频指标按实际披露日生效,2020-01-01,待采集,请按评分口径复核最新值、日期和评分。
农林牧渔,农林牧渔|8-水产批发价格指数,同步,8-水产批发价格指数,0.07,农业农村部,改为5年滚动分位(P20/P40/P60/P80)+3个月动量；须与库存、价差或利润交叉确认。,同步确认,P1,月度；季频指标按实际披露日生效,2020-01-01,待采集,请按评分口径复核最新值、日期和评分。
农林牧渔,农林牧渔|9-农产品批发价格200指数,同步,9-农产品批发价格200指数,0.0612,农业农村部,改为5年滚动分位(P20/P40/P60/P80)+3个月动量；须与库存、价差或利润交叉确认。,同步确认,P1,月度；季频指标按实际披露日生效,2020-01-01,待采集,请按评分口径复核最新值、日期和评分。
医药生物,医药生物|10-医药企业研发费用率,滞后,10-医药企业研发费用率,0.048,上市公司财报,采用5年滚动分位+同比/环比双阈值；数据滞后超过一个频率周期时自动降权。,质量验证,P1,月度；季频指标按实际披露日生效,2020-01-01,待采集,请按评分口径复核最新值、日期和评分。
医药生物,医药生物|11-医药制造业利润增速,滞后,11-医药制造业利润增速,0.042,国家统计局,采用TTM/滚动4季同比+历史分位；剔除一次性损益，IRR按项目现金流复核。,质量验证,P1,月度；季频指标按实际披露日生效,2020-01-01,待采集,请按评分口径复核最新值、日期和评分。
医药生物,医药生物|5-医药制造业收入增速,同步,5-医药制造业收入增速,0.1105,国家统计局,采用季调同比+3个月环比；单月值用3个月移动均值过滤。,同步确认,P1,月度；季频指标按实际披露日生效,2020-01-01,待采集,请按评分口径复核最新值、日期和评分。
医药生物,医药生物|6-化学药品原药产量,同步,6-化学药品原药产量,0.0737,国家统计局,采用季调同比+3个月环比；单月值用3个月移动均值过滤。,同步确认,P1,月度；季频指标按实际披露日生效,2020-01-01,待采集,请按评分口径复核最新值、日期和评分。
医药生物,医药生物|7-医疗器械出口增速,同步,7-医疗器械出口增速,0.0921,海关总署,采用5年滚动分位+同比/环比双阈值；数据滞后超过一个频率周期时自动降权。,同步确认,P1,月度；季频指标按实际披露日生效,2020-01-01,待采集,请按评分口径复核最新值、日期和评分。
医药生物,医药生物|8-医院诊疗人次增速,同步,8-医院诊疗人次增速,0.0737,国家卫健委,采用5年滚动分位+同比/环比双阈值；数据滞后超过一个频率周期时自动降权。,同步确认,P1,月度；季频指标按实际披露日生效,2020-01-01,待采集,请按评分口径复核最新值、日期和评分。
医药生物,医药生物|9-医药企业季度毛利率,滞后,9-医药企业季度毛利率,0.06,上市公司财报,改为5年滚动分位(P20/P40/P60/P80)+3个月动量；须与库存、价差或利润交叉确认。,质量验证,P1,月度；季频指标按实际披露日生效,2020-01-01,待采集,请按评分口径复核最新值、日期和评分。
商贸零售,商贸零售|10-零售行业库存周转天数,滞后,10-零售行业库存周转天数,0.064,上市公司财报,采用同比、环比、历史分位三维评分；按去库/改善方向计分。,质量验证,P1,月度；季频指标按实际披露日生效,2020-01-01,待采集,请按评分口径复核最新值、日期和评分。
商贸零售,商贸零售|11-CPI同比,滞后,11-CPI同比,0.056,国家统计局,采用5年滚动分位+同比/环比双阈值；数据滞后超过一个频率周期时自动降权。,质量验证,P1,月度；季频指标按实际披露日生效,2020-01-01,待采集,请按评分口径复核最新值、日期和评分。
商贸零售,商贸零售|5-网上零售额增速,同步,5-网上零售额增速,0.12,国家统计局,采用季调同比+3个月环比；单月值用3个月移动均值过滤。,同步确认,P1,月度；季频指标按实际披露日生效,2020-01-01,待采集,请按评分口径复核最新值、日期和评分。
商贸零售,商贸零售|6-限额以上零售企业收入,同步,6-限额以上零售企业收入,0.1,国家统计局,采用季调同比+3个月环比；单月值用3个月移动均值过滤。,同步确认,P1,月度；季频指标按实际披露日生效,2020-01-01,待采集,请按评分口径复核最新值、日期和评分。
商贸零售,商贸零售|7-超市/百货销售额增速,同步,7-超市/百货销售额增速,0.1,商务部,采用5年滚动分位+同比/环比双阈值；数据滞后超过一个频率周期时自动降权。,同步确认,P1,月度；季频指标按实际披露日生效,2020-01-01,待采集,请按评分口径复核最新值、日期和评分。
商贸零售,商贸零售|8-快递业务量增速,同步,8-快递业务量增速,0.08,国家邮政局,采用季调同比+3个月环比；单月值用3个月移动均值过滤。,同步确认,P1,月度；季频指标按实际披露日生效,2020-01-01,待采集,请按评分口径复核最新值、日期和评分。
商贸零售,商贸零售|9-零售企业季度净利润率,滞后,9-零售企业季度净利润率,0.08,上市公司财报,采用TTM/滚动4季同比+历史分位；剔除一次性损益，IRR按项目现金流复核。,质量验证,P1,月度；季频指标按实际披露日生效,2020-01-01,待采集,请按评分口径复核最新值、日期和评分。
国防军工,国防军工|10-军工行业研发费用率,滞后,10-军工行业研发费用率,0.064,上市公司财报,采用5年滚动分位+同比/环比双阈值；数据滞后超过一个频率周期时自动降权。,质量验证,P1,月度；季频指标按实际披露日生效,2020-01-01,待采集,请按评分口径复核最新值、日期和评分。
国防军工,国防军工|11-军工行业资产负债率,滞后,11-军工行业资产负债率,0.056,上市公司财报,采用同比、环比、历史分位三维评分；按去库/改善方向计分。,质量验证,P1,月度；季频指标按实际披露日生效,2020-01-01,待采集,请按评分口径复核最新值、日期和评分。
国防军工,国防军工|5-军工企业收入增速,同步,5-军工企业收入增速,0.125,上市公司财报,采用季调同比+3个月环比；单月值用3个月移动均值过滤。,同步确认,P1,月度；季频指标按实际披露日生效,2020-01-01,待采集,请按评分口径复核最新值、日期和评分。
国防军工,国防军工|6-军工企业合同负债,同步,6-军工企业合同负债,0.1,上市公司财报,滚动3M/4Q同比；以交付、收入或现金流确认，政策/规划单项权重≤8%。,同步确认,P1,月度；季频指标按实际披露日生效,2020-01-01,待采集,请按评分口径复核最新值、日期和评分。
国防军工,国防军工|7-航空发动机产量,同步,7-航空发动机产量,0.0667,航空工业集团,采用季调同比+3个月环比；单月值用3个月移动均值过滤。,同步确认,P1,月度；季频指标按实际披露日生效,2020-01-01,待采集,请按评分口径复核最新值、日期和评分。
国防军工,国防军工|8-舰船下水吨位,同步,8-舰船下水吨位,0.0583,相关统计,采用5年滚动分位+同比/环比双阈值；数据滞后超过一个频率周期时自动降权。,同步确认,P1,月度；季频指标按实际披露日生效,2020-01-01,待采集,请按评分口径复核最新值、日期和评分。
国防军工,国防军工|9-军工企业季度净利润,滞后,9-军工企业季度净利润,0.08,上市公司财报,采用TTM/滚动4季同比+历史分位；剔除一次性损益，IRR按项目现金流复核。,质量验证,P1,月度；季频指标按实际披露日生效,2020-01-01,待采集,请按评分口径复核最新值、日期和评分。
基础化工,基础化工|10-化工行业固定资产投资增速,滞后,10-化工行业固定资产投资增速,0.048,国家统计局,采用5年滚动分位+同比/环比双阈值；数据滞后超过一个频率周期时自动降权。,质量验证,P1,月度；季频指标按实际披露日生效,2020-01-01,待采集,请按评分口径复核最新值、日期和评分。
基础化工,基础化工|11-PPI化工原料同比,滞后,11-PPI化工原料同比,0.042,国家统计局,采用5年滚动分位+同比/环比双阈值；数据滞后超过一个频率周期时自动降权。,质量验证,P1,月度；季频指标按实际披露日生效,2020-01-01,待采集,请按评分口径复核最新值、日期和评分。
基础化工,基础化工|5-中国化工产品价格指数(CCPI),同步,5-中国化工产品价格指数(CCPI),0.1167,卓创资讯,改为5年滚动分位(P20/P40/P60/P80)+3个月动量；须与库存、价差或利润交叉确认。,同步确认,P1,月度；季频指标按实际披露日生效,2020-01-01,待采集,请按评分口径复核最新值、日期和评分。
基础化工,基础化工|6-主要化工品价差,同步,6-主要化工品价差,0.0933,百川盈孚,改为5年滚动分位(P20/P40/P60/P80)+3个月动量；须与库存、价差或利润交叉确认。,同步确认,P1,月度；季频指标按实际披露日生效,2020-01-01,待采集,请按评分口径复核最新值、日期和评分。
基础化工,基础化工|7-化工品库存天数,同步,7-化工品库存天数,0.0778,卓创资讯,采用同比、环比、历史分位三维评分；按去库/改善方向计分。,同步确认,P1,月度；季频指标按实际披露日生效,2020-01-01,待采集,请按评分口径复核最新值、日期和评分。
基础化工,基础化工|8-化工品出口增速,同步,8-化工品出口增速,0.0622,海关总署,采用5年滚动分位+同比/环比双阈值；数据滞后超过一个频率周期时自动降权。,同步确认,P1,月度；季频指标按实际披露日生效,2020-01-01,待采集,请按评分口径复核最新值、日期和评分。
基础化工,基础化工|9-化工企业季度ROE,滞后,9-化工企业季度ROE,0.06,上市公司财报,采用TTM/滚动4季同比+历史分位；剔除一次性损益，IRR按项目现金流复核。,质量验证,P1,月度；季频指标按实际披露日生效,2020-01-01,待采集,请按评分口径复核最新值、日期和评分。
家用电器,家用电器|10-家电行业库存周转天数,滞后,10-家电行业库存周转天数,0.064,上市公司财报,采用同比、环比、历史分位三维评分；按去库/改善方向计分。,质量验证,P1,月度；季频指标按实际披露日生效,2020-01-01,待采集,请按评分口径复核最新值、日期和评分。
家用电器,家用电器|11-家电零售均价变化,滞后,11-家电零售均价变化,0.056,奥维云网,改为5年滚动分位(P20/P40/P60/P80)+3个月动量；须与库存、价差或利润交叉确认。,质量验证,P1,月度；季频指标按实际披露日生效,2020-01-01,待采集,请按评分口径复核最新值、日期和评分。
家用电器,家用电器|5-空调销量增速,同步,5-空调销量增速,0.1395,产业在线,采用季调同比+3个月环比；单月值用3个月移动均值过滤。,同步确认,P1,月度；季频指标按实际披露日生效,2020-01-01,待采集,请按评分口径复核最新值、日期和评分。
家用电器,家用电器|6-冰箱销量增速,同步,6-冰箱销量增速,0.093,产业在线,采用季调同比+3个月环比；单月值用3个月移动均值过滤。,同步确认,P1,月度；季频指标按实际披露日生效,2020-01-01,待采集,请按评分口径复核最新值、日期和评分。
家用电器,家用电器|7-洗衣机销量增速,同步,7-洗衣机销量增速,0.0744,产业在线,采用季调同比+3个月环比；单月值用3个月移动均值过滤。,同步确认,P1,月度；季频指标按实际披露日生效,2020-01-01,待采集,请按评分口径复核最新值、日期和评分。
家用电器,家用电器|8-家电出口金额增速,同步,8-家电出口金额增速,0.093,海关总署,采用5年滚动分位+同比/环比双阈值；数据滞后超过一个频率周期时自动降权。,同步确认,P1,月度；季频指标按实际披露日生效,2020-01-01,待采集,请按评分口径复核最新值、日期和评分。
家用电器,家用电器|9-家电企业季度净利润率,滞后,9-家电企业季度净利润率,0.08,上市公司财报,采用TTM/滚动4季同比+历史分位；剔除一次性损益，IRR按项目现金流复核。,质量验证,P1,月度；季频指标按实际披露日生效,2020-01-01,待采集,请按评分口径复核最新值、日期和评分。
建筑材料,建筑材料|10-建材行业产能利用率,滞后,10-建材行业产能利用率,0.048,国家统计局,采用TTM/滚动4季同比+历史分位；剔除一次性损益，IRR按项目现金流复核。,质量验证,P1,月度；季频指标按实际披露日生效,2020-01-01,待采集,请按评分口径复核最新值、日期和评分。
建筑材料,建筑材料|11-PPI建材类同比,滞后,11-PPI建材类同比,0.042,国家统计局,采用5年滚动分位+同比/环比双阈值；数据滞后超过一个频率周期时自动降权。,质量验证,P1,月度；季频指标按实际披露日生效,2020-01-01,待采集,请按评分口径复核最新值、日期和评分。
建筑材料,建筑材料|5-水泥出货量,同步,5-水泥出货量,0.105,数字水泥网,采用季调同比+3个月环比；单月值用3个月移动均值过滤。,同步确认,P1,月度；季频指标按实际披露日生效,2020-01-01,待采集,请按评分口径复核最新值、日期和评分。
建筑材料,建筑材料|6-玻璃库存天数,同步,6-玻璃库存天数,0.0875,卓创资讯,采用同比、环比、历史分位三维评分；按去库/改善方向计分。,同步确认,P1,月度；季频指标按实际披露日生效,2020-01-01,待采集,请按评分口径复核最新值、日期和评分。
建筑材料,建筑材料|7-水泥磨机开工率,同步,7-水泥磨机开工率,0.0875,数字水泥网,采用5年滚动分位+同比/环比双阈值；数据滞后超过一个频率周期时自动降权。,同步确认,P1,月度；季频指标按实际披露日生效,2020-01-01,待采集,请按评分口径复核最新值、日期和评分。
建筑材料,建筑材料|8-建材出口金额增速,同步,8-建材出口金额增速,0.07,海关总署,采用5年滚动分位+同比/环比双阈值；数据滞后超过一个频率周期时自动降权。,同步确认,P1,月度；季频指标按实际披露日生效,2020-01-01,待采集,请按评分口径复核最新值、日期和评分。
建筑材料,建筑材料|9-建材企业季度净利润,滞后,9-建材企业季度净利润,0.06,上市公司财报,采用TTM/滚动4季同比+历史分位；剔除一次性损益，IRR按项目现金流复核。,质量验证,P1,月度；季频指标按实际披露日生效,2020-01-01,待采集,请按评分口径复核最新值、日期和评分。
建筑装饰,建筑装饰|10-建筑行业资产负债率,滞后,10-建筑行业资产负债率,0.064,上市公司财报,采用同比、环比、历史分位三维评分；按去库/改善方向计分。,质量验证,P1,月度；季频指标按实际披露日生效,2020-01-01,待采集,请按评分口径复核最新值、日期和评分。
建筑装饰,建筑装饰|11-建筑行业应收账款周转,滞后,11-建筑行业应收账款周转,0.056,上市公司财报,采用同比、环比、历史分位三维评分；按去库/改善方向计分。,质量验证,P1,月度；季频指标按实际披露日生效,2020-01-01,待采集,请按评分口径复核最新值、日期和评分。
建筑装饰,建筑装饰|5-建筑业PMI,同步,5-建筑业PMI,0.1167,国家统计局,采用5年滚动分位+同比/环比双阈值；数据滞后超过一个频率周期时自动降权。,同步确认,P1,月度；季频指标按实际披露日生效,2020-01-01,待采集,请按评分口径复核最新值、日期和评分。
建筑装饰,建筑装饰|6-建筑业新签合同额增速,同步,6-建筑业新签合同额增速,0.0933,国家统计局,采用5年滚动分位+同比/环比双阈值；数据滞后超过一个频率周期时自动降权。,同步确认,P1,月度；季频指标按实际披露日生效,2020-01-01,待采集,请按评分口径复核最新值、日期和评分。
建筑装饰,建筑装饰|7-建筑业总产值增速,同步,7-建筑业总产值增速,0.0778,国家统计局,采用5年滚动分位+同比/环比双阈值；数据滞后超过一个频率周期时自动降权。,同步确认,P1,月度；季频指标按实际披露日生效,2020-01-01,待采集,请按评分口径复核最新值、日期和评分。
建筑装饰,建筑装饰|8-建筑企业订单保障倍数,同步,8-建筑企业订单保障倍数,0.0622,上市公司财报,滚动3M/4Q同比；以交付、收入或现金流确认，政策/规划单项权重≤8%。,同步确认,P1,月度；季频指标按实际披露日生效,2020-01-01,待采集,请按评分口径复核最新值、日期和评分。
建筑装饰,建筑装饰|9-建筑企业季度净利润,滞后,9-建筑企业季度净利润,0.08,上市公司财报,采用TTM/滚动4季同比+历史分位；剔除一次性损益，IRR按项目现金流复核。,质量验证,P1,月度；季频指标按实际披露日生效,2020-01-01,待采集,请按评分口径复核最新值、日期和评分。
房地产,房地产|10-房企季度净利润,滞后,10-房企季度净利润,0.048,上市公司财报,采用TTM/滚动4季同比+历史分位；剔除一次性损益，IRR按项目现金流复核。,质量验证,P1,月度；季频指标按实际披露日生效,2020-01-01,待采集,请按评分口径复核最新值、日期和评分。
房地产,房地产|11-房地产投资增速,滞后,11-房地产投资增速,0.042,国家统计局,采用5年滚动分位+同比/环比双阈值；数据滞后超过一个频率周期时自动降权。,质量验证,P1,月度；季频指标按实际披露日生效,2020-01-01,待采集,请按评分口径复核最新值、日期和评分。
房地产,房地产|5-商品房销售面积增速,同步,5-商品房销售面积增速,0.1167,国家统计局,采用5年滚动分位+同比/环比双阈值；数据滞后超过一个频率周期时自动降权。,同步确认,P1,月度；季频指标按实际披露日生效,2020-01-01,待采集,请按评分口径复核最新值、日期和评分。
房地产,房地产|6-70城新建商品住宅价格指数,同步,6-70城新建商品住宅价格指数,0.0933,国家统计局,改为5年滚动分位(P20/P40/P60/P80)+3个月动量；须与库存、价差或利润交叉确认。,同步确认,P1,月度；季频指标按实际披露日生效,2020-01-01,待采集,请按评分口径复核最新值、日期和评分。
房地产,房地产|7-二手房挂牌量变化,同步,7-二手房挂牌量变化,0.0622,贝壳研究院,采用同比、环比、历史分位三维评分；按去库/改善方向计分。,同步确认,P1,月度；季频指标按实际披露日生效,2020-01-01,待采集,请按评分口径复核最新值、日期和评分。
房地产,房地产|8-房地产新开工面积增速,同步,8-房地产新开工面积增速,0.0778,国家统计局,采用5年滚动分位+同比/环比双阈值；数据滞后超过一个频率周期时自动降权。,同步确认,P1,月度；季频指标按实际披露日生效,2020-01-01,待采集,请按评分口径复核最新值、日期和评分。
房地产,房地产|9-房地产竣工面积增速,滞后,9-房地产竣工面积增速,0.06,国家统计局,采用5年滚动分位+同比/环比双阈值；数据滞后超过一个频率周期时自动降权。,质量验证,P1,月度；季频指标按实际披露日生效,2020-01-01,待采集,请按评分口径复核最新值、日期和评分。
有色金属,有色金属|10-有色金属库存周转天数,滞后,10-有色金属库存周转天数,0.048,上市公司财报,采用同比、环比、历史分位三维评分；按去库/改善方向计分。,质量验证,P1,月度；季频指标按实际披露日生效,2020-01-01,待采集,请按评分口径复核最新值、日期和评分。
有色金属,有色金属|11-PPI有色金属冶炼同比,滞后,11-PPI有色金属冶炼同比,0.042,国家统计局,采用5年滚动分位+同比/环比双阈值；数据滞后超过一个频率周期时自动降权。,质量验证,P1,月度；季频指标按实际披露日生效,2020-01-01,待采集,请按评分口径复核最新值、日期和评分。
有色金属,有色金属|5-LME铜现货价格,同步,5-LME铜现货价格,0.1395,LME,改为5年滚动分位(P20/P40/P60/P80)+3个月动量；须与库存、价差或利润交叉确认。,同步确认,P1,月度；季频指标按实际披露日生效,2020-01-01,待采集,请按评分口径复核最新值、日期和评分。
有色金属,有色金属|6-铝现货价格,同步,6-铝现货价格,0.093,SMM,改为5年滚动分位(P20/P40/P60/P80)+3个月动量；须与库存、价差或利润交叉确认。,同步确认,P1,月度；季频指标按实际披露日生效,2020-01-01,待采集,请按评分口径复核最新值、日期和评分。
有色金属,有色金属|7-有色金属冶炼加工费,同步,7-有色金属冶炼加工费,0.093,SMM,采用5年滚动分位+同比/环比双阈值；数据滞后超过一个频率周期时自动降权。,同步确认,P1,月度；季频指标按实际披露日生效,2020-01-01,待采集,请按评分口径复核最新值、日期和评分。
有色金属,有色金属|8-中国有色金属消费量,同步,8-中国有色金属消费量,0.0744,中国有色金属工业协会,采用季调同比+3个月环比；单月值用3个月移动均值过滤。,同步确认,P1,月度；季频指标按实际披露日生效,2020-01-01,待采集,请按评分口径复核最新值、日期和评分。
有色金属,有色金属|9-有色企业季度净利润,滞后,9-有色企业季度净利润,0.06,上市公司财报,采用TTM/滚动4季同比+历史分位；剔除一次性损益，IRR按项目现金流复核。,质量验证,P1,月度；季频指标按实际披露日生效,2020-01-01,待采集,请按评分口径复核最新值、日期和评分。
机械设备,机械设备|10-机械行业毛利率,滞后,10-机械行业毛利率,0.048,上市公司财报,改为5年滚动分位(P20/P40/P60/P80)+3个月动量；须与库存、价差或利润交叉确认。,质量验证,P1,月度；季频指标按实际披露日生效,2020-01-01,待采集,请按评分口径复核最新值、日期和评分。
机械设备,机械设备|11-机械行业产能利用率,滞后,11-机械行业产能利用率,0.042,国家统计局,采用TTM/滚动4季同比+历史分位；剔除一次性损益，IRR按项目现金流复核。,质量验证,P1,月度；季频指标按实际披露日生效,2020-01-01,待采集,请按评分口径复核最新值、日期和评分。
机械设备,机械设备|5-挖掘机销量增速,同步,5-挖掘机销量增速,0.1105,中国工程机械工业协会,采用季调同比+3个月环比；单月值用3个月移动均值过滤。,同步确认,P1,月度；季频指标按实际披露日生效,2020-01-01,待采集,请按评分口径复核最新值、日期和评分。
机械设备,机械设备|6-金属切削机床产量,同步,6-金属切削机床产量,0.0921,国家统计局,采用季调同比+3个月环比；单月值用3个月移动均值过滤。,同步确认,P1,月度；季频指标按实际披露日生效,2020-01-01,待采集,请按评分口径复核最新值、日期和评分。
机械设备,机械设备|7-叉车销量增速,同步,7-叉车销量增速,0.0737,中国工程机械工业协会,采用季调同比+3个月环比；单月值用3个月移动均值过滤。,同步确认,P1,月度；季频指标按实际披露日生效,2020-01-01,待采集,请按评分口径复核最新值、日期和评分。
机械设备,机械设备|8-机械设备出口增速,同步,8-机械设备出口增速,0.0737,海关总署,采用5年滚动分位+同比/环比双阈值；数据滞后超过一个频率周期时自动降权。,同步确认,P1,月度；季频指标按实际披露日生效,2020-01-01,待采集,请按评分口径复核最新值、日期和评分。
机械设备,机械设备|9-机械企业季度净利润,滞后,9-机械企业季度净利润,0.06,上市公司财报,采用TTM/滚动4季同比+历史分位；剔除一次性损益，IRR按项目现金流复核。,质量验证,P1,月度；季频指标按实际披露日生效,2020-01-01,待采集,请按评分口径复核最新值、日期和评分。
汽车,汽车|10-汽车行业产能利用率,滞后,10-汽车行业产能利用率,0.064,国家统计局,采用TTM/滚动4季同比+历史分位；剔除一次性损益，IRR按项目现金流复核。,质量验证,P1,月度；季频指标按实际披露日生效,2020-01-01,待采集,请按评分口径复核最新值、日期和评分。
汽车,汽车|11-汽车制造业固定资产投资,滞后,11-汽车制造业固定资产投资,0.056,国家统计局,采用5年滚动分位+同比/环比双阈值；数据滞后超过一个频率周期时自动降权。,质量验证,P1,月度；季频指标按实际披露日生效,2020-01-01,待采集,请按评分口径复核最新值、日期和评分。
汽车,汽车|5-汽车销量增速,同步,5-汽车销量增速,0.1333,中汽协,采用季调同比+3个月环比；单月值用3个月移动均值过滤。,同步确认,P1,月度；季频指标按实际披露日生效,2020-01-01,待采集,请按评分口径复核最新值、日期和评分。
汽车,汽车|6-新能源汽车销量,同步,6-新能源汽车销量,0.1067,中汽协,采用季调同比+3个月环比；单月值用3个月移动均值过滤。,同步确认,P1,月度；季频指标按实际披露日生效,2020-01-01,待采集,请按评分口径复核最新值、日期和评分。
汽车,汽车|7-乘用车批发量,同步,7-乘用车批发量,0.0889,乘联会,采用5年滚动分位+同比/环比双阈值；数据滞后超过一个频率周期时自动降权。,同步确认,P1,月度；季频指标按实际披露日生效,2020-01-01,待采集,请按评分口径复核最新值、日期和评分。
汽车,汽车|8-汽车制造业PMI,同步,8-汽车制造业PMI,0.0711,国家统计局,采用5年滚动分位+同比/环比双阈值；数据滞后超过一个频率周期时自动降权。,同步确认,P1,月度；季频指标按实际披露日生效,2020-01-01,待采集,请按评分口径复核最新值、日期和评分。
汽车,汽车|9-汽车企业季度净利润,滞后,9-汽车企业季度净利润,0.08,上市公司财报,采用TTM/滚动4季同比+历史分位；剔除一次性损益，IRR按项目现金流复核。,质量验证,P1,月度；季频指标按实际披露日生效,2020-01-01,待采集,请按评分口径复核最新值、日期和评分。
煤炭,煤炭|10-煤炭行业ROE,滞后,10-煤炭行业ROE,0.048,上市公司财报,采用TTM/滚动4季同比+历史分位；剔除一次性损益，IRR按项目现金流复核。,质量验证,P1,月度；季频指标按实际披露日生效,2020-01-01,待采集,请按评分口径复核最新值、日期和评分。
煤炭,煤炭|11-煤炭行业资产负债率,滞后,11-煤炭行业资产负债率,0.042,上市公司财报,采用同比、环比、历史分位三维评分；按去库/改善方向计分。,质量验证,P1,月度；季频指标按实际披露日生效,2020-01-01,待采集,请按评分口径复核最新值、日期和评分。
煤炭,煤炭|5-动力煤现货价格,同步,5-动力煤现货价格,0.128,CCI指数,改为5年滚动分位(P20/P40/P60/P80)+3个月动量；须与库存、价差或利润交叉确认。,同步确认,P1,月度；季频指标按实际披露日生效,2020-01-01,待采集,请按评分口径复核最新值、日期和评分。
煤炭,煤炭|6-焦煤现货价格,同步,6-焦煤现货价格,0.0854,CCI指数,改为5年滚动分位(P20/P40/P60/P80)+3个月动量；须与库存、价差或利润交叉确认。,同步确认,P1,月度；季频指标按实际披露日生效,2020-01-01,待采集,请按评分口径复核最新值、日期和评分。
煤炭,煤炭|7-焦炭价格,同步,7-焦炭价格,0.0683,Mysteel,改为5年滚动分位(P20/P40/P60/P80)+3个月动量；须与库存、价差或利润交叉确认。,同步确认,P1,月度；季频指标按实际披露日生效,2020-01-01,待采集,请按评分口径复核最新值、日期和评分。
煤炭,煤炭|8-煤炭运价指数,同步,8-煤炭运价指数,0.0683,CBCFI,采用5年滚动分位+同比/环比双阈值；数据滞后超过一个频率周期时自动降权。,同步确认,P1,月度；季频指标按实际披露日生效,2020-01-01,待采集,请按评分口径复核最新值、日期和评分。
煤炭,煤炭|9-煤炭企业季度净利润,滞后,9-煤炭企业季度净利润,0.06,上市公司财报,采用TTM/滚动4季同比+历史分位；剔除一次性损益，IRR按项目现金流复核。,质量验证,P1,月度；季频指标按实际披露日生效,2020-01-01,待采集,请按评分口径复核最新值、日期和评分。
环保,环保|10-环保行业毛利率,滞后,10-环保行业毛利率,0.064,上市公司财报,改为5年滚动分位(P20/P40/P60/P80)+3个月动量；须与库存、价差或利润交叉确认。,质量验证,P1,月度；季频指标按实际披露日生效,2020-01-01,待采集,请按评分口径复核最新值、日期和评分。
环保,环保|11-环保行业应收账款周转,滞后,11-环保行业应收账款周转,0.056,上市公司财报,采用同比、环比、历史分位三维评分；按去库/改善方向计分。,质量验证,P1,月度；季频指标按实际披露日生效,2020-01-01,待采集,请按评分口径复核最新值、日期和评分。
环保,环保|5-污水处理量,同步,5-污水处理量,0.105,住建部,采用5年滚动分位+同比/环比双阈值；数据滞后超过一个频率周期时自动降权。,同步确认,P1,月度；季频指标按实际披露日生效,2020-01-01,待采集,请按评分口径复核最新值、日期和评分。
环保,环保|6-垃圾处理量,同步,6-垃圾处理量,0.0875,住建部,采用5年滚动分位+同比/环比双阈值；数据滞后超过一个频率周期时自动降权。,同步确认,P1,月度；季频指标按实际披露日生效,2020-01-01,待采集,请按评分口径复核最新值、日期和评分。
环保,环保|7-环保企业订单金额,同步,7-环保企业订单金额,0.0875,上市公司公告,滚动3M/4Q同比；以交付、收入或现金流确认，政策/规划单项权重≤8%。,同步确认,P1,月度；季频指标按实际披露日生效,2020-01-01,待采集,请按评分口径复核最新值、日期和评分。
环保,环保|8-环保设备产量,同步,8-环保设备产量,0.07,国家统计局,采用季调同比+3个月环比；单月值用3个月移动均值过滤。,同步确认,P1,月度；季频指标按实际披露日生效,2020-01-01,待采集,请按评分口径复核最新值、日期和评分。
环保,环保|9-环保企业季度净利润,滞后,9-环保企业季度净利润,0.08,上市公司财报,采用TTM/滚动4季同比+历史分位；剔除一次性损益，IRR按项目现金流复核。,质量验证,P1,月度；季频指标按实际披露日生效,2020-01-01,待采集,请按评分口径复核最新值、日期和评分。
电力设备,电力设备|10-电力设备企业季度净利润,滞后,10-电力设备企业季度净利润,0.08,上市公司财报,采用TTM/滚动4季同比+历史分位；剔除一次性损益，IRR按项目现金流复核。,质量验证,P1,月度；季频指标按实际披露日生效,2020-01-01,待采集,请按评分口径复核最新值、日期和评分。
电力设备,电力设备|11-电力设备行业毛利率,滞后,11-电力设备行业毛利率,0.064,上市公司财报,改为5年滚动分位(P20/P40/P60/P80)+3个月动量；须与库存、价差或利润交叉确认。,质量验证,P1,月度；季频指标按实际披露日生效,2020-01-01,待采集,请按评分口径复核最新值、日期和评分。
电力设备,电力设备|12-电力设备出口金额增速,滞后,12-电力设备出口金额增速,0.056,海关总署,采用5年滚动分位+同比/环比双阈值；数据滞后超过一个频率周期时自动降权。,质量验证,P1,月度；季频指标按实际披露日生效,2020-01-01,待采集,请按评分口径复核最新值、日期和评分。
电力设备,电力设备|6-光伏装机量,同步,6-光伏装机量,0.1105,国家能源局,采用季调同比+3个月环比；单月值用3个月移动均值过滤。,同步确认,P1,月度；季频指标按实际披露日生效,2020-01-01,待采集,请按评分口径复核最新值、日期和评分。
电力设备,电力设备|7-风电装机量,同步,7-风电装机量,0.0921,国家能源局,采用季调同比+3个月环比；单月值用3个月移动均值过滤。,同步确认,P1,月度；季频指标按实际披露日生效,2020-01-01,待采集,请按评分口径复核最新值、日期和评分。
电力设备,电力设备|8-储能装机量,同步,8-储能装机量,0.0737,CNESA,采用季调同比+3个月环比；单月值用3个月移动均值过滤。,同步确认,P1,月度；季频指标按实际披露日生效,2020-01-01,待采集,请按评分口径复核最新值、日期和评分。
电力设备,电力设备|9-电网设备招标量,同步,9-电网设备招标量,0.0737,国家电网,滚动3M/4Q同比；以交付、收入或现金流确认，政策/规划单项权重≤8%。,同步确认,P1,月度；季频指标按实际披露日生效,2020-01-01,待采集,请按评分口径复核最新值、日期和评分。
电子,电子|10-电子企业季度毛利率,滞后,10-电子企业季度毛利率,0.0625,上市公司财报,改为5年滚动分位(P20/P40/P60/P80)+3个月动量；须与库存、价差或利润交叉确认。,质量验证,P1,月度；季频指标按实际披露日生效,2020-01-01,待采集,请按评分口径复核最新值、日期和评分。
电子,电子|11-电子行业固定资产投资增速,滞后,11-电子行业固定资产投资增速,0.0437,国家统计局,采用5年滚动分位+同比/环比双阈值；数据滞后超过一个频率周期时自动降权。,质量验证,P1,月度；季频指标按实际披露日生效,2020-01-01,待采集,请按评分口径复核最新值、日期和评分。
电子,电子|12-电子元器件进口金额增速,滞后,12-电子元器件进口金额增速,0.0437,海关总署,采用5年滚动分位+同比/环比双阈值；数据滞后超过一个频率周期时自动降权。,质量验证,P1,月度；季频指标按实际披露日生效,2020-01-01,待采集,请按评分口径复核最新值、日期和评分。
电子,电子|6-晶圆厂产能利用率,同步,6-晶圆厂产能利用率,0.1105,台积电/中芯国际,采用TTM/滚动4季同比+历史分位；剔除一次性损益，IRR按项目现金流复核。,同步确认,P1,月度；季频指标按实际披露日生效,2020-01-01,待采集,请按评分口径复核最新值、日期和评分。
电子,电子|7-智能手机出货量增速,同步,7-智能手机出货量增速,0.0921,IDC/Counterpoint,采用季调同比+3个月环比；单月值用3个月移动均值过滤。,同步确认,P1,月度；季频指标按实际披露日生效,2020-01-01,待采集,请按评分口径复核最新值、日期和评分。
电子,电子|8-PC出货量增速,同步,8-PC出货量增速,0.0737,IDC/Gartner,采用季调同比+3个月环比；单月值用3个月移动均值过滤。,同步确认,P1,月度；季频指标按实际披露日生效,2020-01-01,待采集,请按评分口径复核最新值、日期和评分。
电子,电子|9-MLCC出货量,同步,9-MLCC出货量,0.0737,村田/TDK,采用季调同比+3个月环比；单月值用3个月移动均值过滤。,同步确认,P1,月度；季频指标按实际披露日生效,2020-01-01,待采集,请按评分口径复核最新值、日期和评分。
石油石化,石油石化|10-石化行业ROE,滞后,10-石化行业ROE,0.048,上市公司财报,采用TTM/滚动4季同比+历史分位；剔除一次性损益，IRR按项目现金流复核。,质量验证,P1,月度；季频指标按实际披露日生效,2020-01-01,待采集,请按评分口径复核最新值、日期和评分。
石油石化,石油石化|11-PPI石油和天然气开采,滞后,11-PPI石油和天然气开采,0.042,国家统计局,采用5年滚动分位+同比/环比双阈值；数据滞后超过一个频率周期时自动降权。,质量验证,P1,月度；季频指标按实际披露日生效,2020-01-01,待采集,请按评分口径复核最新值、日期和评分。
石油石化,石油石化|5-成品油价格,同步,5-成品油价格,0.105,发改委,改为5年滚动分位(P20/P40/P60/P80)+3个月动量；须与库存、价差或利润交叉确认。,同步确认,P1,月度；季频指标按实际披露日生效,2020-01-01,待采集,请按评分口径复核最新值、日期和评分。
石油石化,石油石化|6-炼化开工率,同步,6-炼化开工率,0.0875,隆众资讯,采用5年滚动分位+同比/环比双阈值；数据滞后超过一个频率周期时自动降权。,同步确认,P1,月度；季频指标按实际披露日生效,2020-01-01,待采集,请按评分口径复核最新值、日期和评分。
石油石化,石油石化|7-化工品价差,同步,7-化工品价差,0.0875,相关统计,改为5年滚动分位(P20/P40/P60/P80)+3个月动量；须与库存、价差或利润交叉确认。,同步确认,P1,月度；季频指标按实际披露日生效,2020-01-01,待采集,请按评分口径复核最新值、日期和评分。
石油石化,石油石化|8-石油制品出口增速,同步,8-石油制品出口增速,0.07,海关总署,采用5年滚动分位+同比/环比双阈值；数据滞后超过一个频率周期时自动降权。,同步确认,P1,月度；季频指标按实际披露日生效,2020-01-01,待采集,请按评分口径复核最新值、日期和评分。
石油石化,石油石化|9-石化企业季度净利润,滞后,9-石化企业季度净利润,0.06,上市公司财报,采用TTM/滚动4季同比+历史分位；剔除一次性损益，IRR按项目现金流复核。,质量验证,P1,月度；季频指标按实际披露日生效,2020-01-01,待采集,请按评分口径复核最新值、日期和评分。
社会服务,社会服务|10-社会服务行业毛利率,滞后,10-社会服务行业毛利率,0.064,上市公司财报,改为5年滚动分位(P20/P40/P60/P80)+3个月动量；须与库存、价差或利润交叉确认。,质量验证,P1,月度；季频指标按实际披露日生效,2020-01-01,待采集,请按评分口径复核最新值、日期和评分。
社会服务,社会服务|11-服务业PMI,滞后,11-服务业PMI,0.056,国家统计局,采用5年滚动分位+同比/环比双阈值；数据滞后超过一个频率周期时自动降权。,质量验证,P1,月度；季频指标按实际披露日生效,2020-01-01,待采集,请按评分口径复核最新值、日期和评分。
社会服务,社会服务|5-国内旅游人次,同步,5-国内旅游人次,0.1395,文旅部,采用5年滚动分位+同比/环比双阈值；数据滞后超过一个频率周期时自动降权。,同步确认,P1,月度；季频指标按实际披露日生效,2020-01-01,待采集,请按评分口径复核最新值、日期和评分。
社会服务,社会服务|6-国内旅游收入,同步,6-国内旅游收入,0.093,文旅部,采用季调同比+3个月环比；单月值用3个月移动均值过滤。,同步确认,P1,月度；季频指标按实际披露日生效,2020-01-01,待采集,请按评分口径复核最新值、日期和评分。
社会服务,社会服务|7-餐饮收入增速,同步,7-餐饮收入增速,0.093,国家统计局,采用季调同比+3个月环比；单月值用3个月移动均值过滤。,同步确认,P1,月度；季频指标按实际披露日生效,2020-01-01,待采集,请按评分口径复核最新值、日期和评分。
社会服务,社会服务|8-电影票房收入,同步,8-电影票房收入,0.0744,猫眼/灯塔,采用季调同比+3个月环比；单月值用3个月移动均值过滤。,同步确认,P1,月度；季频指标按实际披露日生效,2020-01-01,待采集,请按评分口径复核最新值、日期和评分。
社会服务,社会服务|9-社会服务企业季度净利润,滞后,9-社会服务企业季度净利润,0.08,上市公司财报,采用TTM/滚动4季同比+历史分位；剔除一次性损益，IRR按项目现金流复核。,质量验证,P1,月度；季频指标按实际披露日生效,2020-01-01,待采集,请按评分口径复核最新值、日期和评分。
纺织服饰,纺织服饰|10-纺服行业库存周转天数,滞后,10-纺服行业库存周转天数,0.064,上市公司财报,采用同比、环比、历史分位三维评分；按去库/改善方向计分。,质量验证,P1,月度；季频指标按实际披露日生效,2020-01-01,待采集,请按评分口径复核最新值、日期和评分。
纺织服饰,纺织服饰|11-社会消费品零售-服装类,滞后,11-社会消费品零售-服装类,0.056,国家统计局,采用季调同比+3个月环比；单月值用3个月移动均值过滤。,质量验证,P1,月度；季频指标按实际披露日生效,2020-01-01,待采集,请按评分口径复核最新值、日期和评分。
纺织服饰,纺织服饰|5-纺织品出口金额增速,同步,5-纺织品出口金额增速,0.1333,海关总署,采用5年滚动分位+同比/环比双阈值；数据滞后超过一个频率周期时自动降权。,同步确认,P1,月度；季频指标按实际披露日生效,2020-01-01,待采集,请按评分口径复核最新值、日期和评分。
纺织服饰,纺织服饰|6-服装出口金额增速,同步,6-服装出口金额增速,0.1067,海关总署,采用5年滚动分位+同比/环比双阈值；数据滞后超过一个频率周期时自动降权。,同步确认,P1,月度；季频指标按实际披露日生效,2020-01-01,待采集,请按评分口径复核最新值、日期和评分。
纺织服饰,纺织服饰|7-柯桥纺织价格指数,同步,7-柯桥纺织价格指数,0.0889,柯桥指数,改为5年滚动分位(P20/P40/P60/P80)+3个月动量；须与库存、价差或利润交叉确认。,同步确认,P1,月度；季频指标按实际披露日生效,2020-01-01,待采集,请按评分口径复核最新值、日期和评分。
纺织服饰,纺织服饰|8-纺服企业开工率,同步,8-纺服企业开工率,0.0711,中国纺织工业联合会,采用5年滚动分位+同比/环比双阈值；数据滞后超过一个频率周期时自动降权。,同步确认,P1,月度；季频指标按实际披露日生效,2020-01-01,待采集,请按评分口径复核最新值、日期和评分。
纺织服饰,纺织服饰|9-纺服企业季度净利润率,滞后,9-纺服企业季度净利润率,0.08,上市公司财报,采用TTM/滚动4季同比+历史分位；剔除一次性损益，IRR按项目现金流复核。,质量验证,P1,月度；季频指标按实际披露日生效,2020-01-01,待采集,请按评分口径复核最新值、日期和评分。
综合,综合|4-GDP增速,同步,4-GDP增速,0.1778,国家统计局,采用5年滚动分位+同比/环比双阈值；数据滞后超过一个频率周期时自动降权。,同步确认,P1,月度；季频指标按实际披露日生效,2020-01-01,待采集,请按评分口径复核最新值、日期和评分。
综合,综合|5-工业增加值增速,同步,5-工业增加值增速,0.1333,国家统计局,采用5年滚动分位+同比/环比双阈值；数据滞后超过一个频率周期时自动降权。,同步确认,P1,月度；季频指标按实际披露日生效,2020-01-01,待采集,请按评分口径复核最新值、日期和评分。
综合,综合|6-固定资产投资增速,同步,6-固定资产投资增速,0.0889,国家统计局,采用5年滚动分位+同比/环比双阈值；数据滞后超过一个频率周期时自动降权。,同步确认,P1,月度；季频指标按实际披露日生效,2020-01-01,待采集,请按评分口径复核最新值、日期和评分。
综合,综合|7-企业盈利增速,滞后,7-企业盈利增速,0.09,国家统计局,采用5年滚动分位+同比/环比双阈值；数据滞后超过一个频率周期时自动降权。,质量验证,P1,月度；季频指标按实际披露日生效,2020-01-01,待采集,请按评分口径复核最新值、日期和评分。
综合,综合|8-失业率,滞后,8-失业率,0.06,国家统计局,采用5年滚动分位+同比/环比双阈值；数据滞后超过一个频率周期时自动降权。,质量验证,P1,月度；季频指标按实际披露日生效,2020-01-01,待采集,请按评分口径复核最新值、日期和评分。
美容护理,美容护理|10-美容护理行业毛利率,滞后,10-美容护理行业毛利率,0.064,上市公司财报,改为5年滚动分位(P20/P40/P60/P80)+3个月动量；须与库存、价差或利润交叉确认。,质量验证,P1,月度；季频指标按实际披露日生效,2020-01-01,待采集,请按评分口径复核最新值、日期和评分。
美容护理,美容护理|11-美容护理行业销售费用率,滞后,11-美容护理行业销售费用率,0.056,上市公司财报,采用5年滚动分位+同比/环比双阈值；数据滞后超过一个频率周期时自动降权。,质量验证,P1,月度；季频指标按实际披露日生效,2020-01-01,待采集,请按评分口径复核最新值、日期和评分。
美容护理,美容护理|5-化妆品零售额增速,同步,5-化妆品零售额增速,0.1463,国家统计局,采用季调同比+3个月环比；单月值用3个月移动均值过滤。,同步确认,P1,月度；季频指标按实际披露日生效,2020-01-01,待采集,请按评分口径复核最新值、日期和评分。
美容护理,美容护理|6-医美市场规模,同步,6-医美市场规模,0.0976,艾瑞咨询,采用5年滚动分位+同比/环比双阈值；数据滞后超过一个频率周期时自动降权。,同步确认,P1,月度；季频指标按实际披露日生效,2020-01-01,待采集,请按评分口径复核最新值、日期和评分。
美容护理,美容护理|7-个护用品产量,同步,7-个护用品产量,0.078,国家统计局,采用季调同比+3个月环比；单月值用3个月移动均值过滤。,同步确认,P1,月度；季频指标按实际披露日生效,2020-01-01,待采集,请按评分口径复核最新值、日期和评分。
美容护理,美容护理|8-美容护理线上销售额,同步,8-美容护理线上销售额,0.078,魔镜/欧特欧,采用5年滚动分位+同比/环比双阈值；数据滞后超过一个频率周期时自动降权。,同步确认,P1,月度；季频指标按实际披露日生效,2020-01-01,待采集,请按评分口径复核最新值、日期和评分。
美容护理,美容护理|9-美容护理企业季度净利润,滞后,9-美容护理企业季度净利润,0.08,上市公司财报,采用TTM/滚动4季同比+历史分位；剔除一次性损益，IRR按项目现金流复核。,质量验证,P1,月度；季频指标按实际披露日生效,2020-01-01,待采集,请按评分口径复核最新值、日期和评分。
计算机,计算机|10-计算机行业毛利率,滞后,10-计算机行业毛利率,0.048,上市公司财报,改为5年滚动分位(P20/P40/P60/P80)+3个月动量；须与库存、价差或利润交叉确认。,质量验证,P1,月度；季频指标按实际披露日生效,2020-01-01,待采集,请按评分口径复核最新值、日期和评分。
计算机,计算机|11-软件从业人员增速,滞后,11-软件从业人员增速,0.042,工信部,采用5年滚动分位+同比/环比双阈值；数据滞后超过一个频率周期时自动降权。,质量验证,P1,月度；季频指标按实际披露日生效,2020-01-01,待采集,请按评分口径复核最新值、日期和评分。
计算机,计算机|5-信创采购规模,同步,5-信创采购规模,0.105,财政部/地方政府,采用5年滚动分位+同比/环比双阈值；数据滞后超过一个频率周期时自动降权。,同步确认,P1,月度；季频指标按实际披露日生效,2020-01-01,待采集,请按评分口径复核最新值、日期和评分。
计算机,计算机|6-企业SaaS渗透率,同步,6-企业SaaS渗透率,0.07,艾瑞咨询,采用5年滚动分位+同比/环比双阈值；数据滞后超过一个频率周期时自动降权。,同步确认,P1,月度；季频指标按实际披露日生效,2020-01-01,待采集,请按评分口径复核最新值、日期和评分。
计算机,计算机|7-网络安全市场规模,同步,7-网络安全市场规模,0.0875,CCID,采用5年滚动分位+同比/环比双阈值；数据滞后超过一个频率周期时自动降权。,同步确认,P1,月度；季频指标按实际披露日生效,2020-01-01,待采集,请按评分口径复核最新值、日期和评分。
计算机,计算机|8-计算机行业订单增速,同步,8-计算机行业订单增速,0.0875,上市公司财报,滚动3M/4Q同比；以交付、收入或现金流确认，政策/规划单项权重≤8%。,同步确认,P1,月度；季频指标按实际披露日生效,2020-01-01,待采集,请按评分口径复核最新值、日期和评分。
计算机,计算机|9-计算机企业季度净利润,滞后,9-计算机企业季度净利润,0.06,上市公司财报,采用TTM/滚动4季同比+历史分位；剔除一次性损益，IRR按项目现金流复核。,质量验证,P1,月度；季频指标按实际披露日生效,2020-01-01,待采集,请按评分口径复核最新值、日期和评分。
轻工制造,轻工制造|10-轻工行业库存周转天数,滞后,10-轻工行业库存周转天数,0.064,上市公司财报,采用同比、环比、历史分位三维评分；按去库/改善方向计分。,质量验证,P1,月度；季频指标按实际披露日生效,2020-01-01,待采集,请按评分口径复核最新值、日期和评分。
轻工制造,轻工制造|11-轻工行业固定资产投资,滞后,11-轻工行业固定资产投资,0.056,国家统计局,采用5年滚动分位+同比/环比双阈值；数据滞后超过一个频率周期时自动降权。,质量验证,P1,月度；季频指标按实际披露日生效,2020-01-01,待采集,请按评分口径复核最新值、日期和评分。
轻工制造,轻工制造|5-瓦楞纸价格,同步,5-瓦楞纸价格,0.1143,卓创资讯,改为5年滚动分位(P20/P40/P60/P80)+3个月动量；须与库存、价差或利润交叉确认。,同步确认,P1,月度；季频指标按实际披露日生效,2020-01-01,待采集,请按评分口径复核最新值、日期和评分。
轻工制造,轻工制造|6-双胶纸价格,同步,6-双胶纸价格,0.0952,卓创资讯,改为5年滚动分位(P20/P40/P60/P80)+3个月动量；须与库存、价差或利润交叉确认。,同步确认,P1,月度；季频指标按实际披露日生效,2020-01-01,待采集,请按评分口径复核最新值、日期和评分。
轻工制造,轻工制造|7-家具零售额增速,同步,7-家具零售额增速,0.1143,国家统计局,采用季调同比+3个月环比；单月值用3个月移动均值过滤。,同步确认,P1,月度；季频指标按实际披露日生效,2020-01-01,待采集,请按评分口径复核最新值、日期和评分。
轻工制造,轻工制造|8-造纸企业开工率,同步,8-造纸企业开工率,0.0762,卓创资讯,采用5年滚动分位+同比/环比双阈值；数据滞后超过一个频率周期时自动降权。,同步确认,P1,月度；季频指标按实际披露日生效,2020-01-01,待采集,请按评分口径复核最新值、日期和评分。
轻工制造,轻工制造|9-轻工企业季度ROE,滞后,9-轻工企业季度ROE,0.08,上市公司财报,采用TTM/滚动4季同比+历史分位；剔除一次性损益，IRR按项目现金流复核。,质量验证,P1,月度；季频指标按实际披露日生效,2020-01-01,待采集,请按评分口径复核最新值、日期和评分。
通信,通信|10-通信行业ROE,滞后,10-通信行业ROE,0.048,上市公司财报,采用TTM/滚动4季同比+历史分位；剔除一次性损益，IRR按项目现金流复核。,质量验证,P1,月度；季频指标按实际披露日生效,2020-01-01,待采集,请按评分口径复核最新值、日期和评分。
通信,通信|11-通信行业资产负债率,滞后,11-通信行业资产负债率,0.042,上市公司财报,采用同比、环比、历史分位三维评分；按去库/改善方向计分。,质量验证,P1,月度；季频指标按实际披露日生效,2020-01-01,待采集,请按评分口径复核最新值、日期和评分。
通信,通信|5-移动互联网流量,同步,5-移动互联网流量,0.105,工信部,采用5年滚动分位+同比/环比双阈值；数据滞后超过一个频率周期时自动降权。,同步确认,P1,月度；季频指标按实际披露日生效,2020-01-01,待采集,请按评分口径复核最新值、日期和评分。
通信,通信|6-5G用户数,同步,6-5G用户数,0.0875,三大运营商,采用5年滚动分位+同比/环比双阈值；数据滞后超过一个频率周期时自动降权。,同步确认,P1,月度；季频指标按实际披露日生效,2020-01-01,待采集,请按评分口径复核最新值、日期和评分。
通信,通信|7-电信业务收入,同步,7-电信业务收入,0.0875,工信部,采用季调同比+3个月环比；单月值用3个月移动均值过滤。,同步确认,P1,月度；季频指标按实际披露日生效,2020-01-01,待采集,请按评分口径复核最新值、日期和评分。
通信,通信|8-通信设备出货量,同步,8-通信设备出货量,0.07,工信部,采用季调同比+3个月环比；单月值用3个月移动均值过滤。,同步确认,P1,月度；季频指标按实际披露日生效,2020-01-01,待采集,请按评分口径复核最新值、日期和评分。
通信,通信|9-通信企业季度净利润,滞后,9-通信企业季度净利润,0.06,上市公司财报,采用TTM/滚动4季同比+历史分位；剔除一次性损益，IRR按项目现金流复核。,质量验证,P1,月度；季频指标按实际披露日生效,2020-01-01,待采集,请按评分口径复核最新值、日期和评分。
钢铁,钢铁|10-钢铁行业产能利用率,滞后,10-钢铁行业产能利用率,0.048,国家统计局,采用TTM/滚动4季同比+历史分位；剔除一次性损益，IRR按项目现金流复核。,质量验证,P1,月度；季频指标按实际披露日生效,2020-01-01,待采集,请按评分口径复核最新值、日期和评分。
钢铁,钢铁|11-PPI黑色金属冶炼同比,滞后,11-PPI黑色金属冶炼同比,0.042,国家统计局,采用5年滚动分位+同比/环比双阈值；数据滞后超过一个频率周期时自动降权。,质量验证,P1,月度；季频指标按实际披露日生效,2020-01-01,待采集,请按评分口径复核最新值、日期和评分。
钢铁,钢铁|5-螺纹钢现货价格,同步,5-螺纹钢现货价格,0.1167,上海钢联,改为5年滚动分位(P20/P40/P60/P80)+3个月动量；须与库存、价差或利润交叉确认。,同步确认,P1,月度；季频指标按实际披露日生效,2020-01-01,待采集,请按评分口径复核最新值、日期和评分。
钢铁,钢铁|6-热轧板卷价格,同步,6-热轧板卷价格,0.0778,上海钢联,改为5年滚动分位(P20/P40/P60/P80)+3个月动量；须与库存、价差或利润交叉确认。,同步确认,P1,月度；季频指标按实际披露日生效,2020-01-01,待采集,请按评分口径复核最新值、日期和评分。
钢铁,钢铁|7-钢厂盈利面,同步,7-钢厂盈利面,0.0933,Mysteel,采用5年滚动分位+同比/环比双阈值；数据滞后超过一个频率周期时自动降权。,同步确认,P1,月度；季频指标按实际披露日生效,2020-01-01,待采集,请按评分口径复核最新值、日期和评分。
钢铁,钢铁|8-钢材表观消费量,同步,8-钢材表观消费量,0.0622,国家统计局,采用季调同比+3个月环比；单月值用3个月移动均值过滤。,同步确认,P1,月度；季频指标按实际披露日生效,2020-01-01,待采集,请按评分口径复核最新值、日期和评分。
钢铁,钢铁|9-钢铁企业季度净利润,滞后,9-钢铁企业季度净利润,0.06,上市公司财报,采用TTM/滚动4季同比+历史分位；剔除一次性损益，IRR按项目现金流复核。,质量验证,P1,月度；季频指标按实际披露日生效,2020-01-01,待采集,请按评分口径复核最新值、日期和评分。
银行,银行|10-银行ROE,滞后,10-银行ROE,0.08,上市公司财报,采用TTM/滚动4季同比+历史分位；剔除一次性损益，IRR按项目现金流复核。,质量验证,P1,月度；季频指标按实际披露日生效,2020-01-01,待采集,请按评分口径复核最新值、日期和评分。
银行,银行|11-拨备覆盖率,滞后,11-拨备覆盖率,0.07,银保监会,采用5年滚动分位+同比/环比双阈值；数据滞后超过一个频率周期时自动降权。,质量验证,P1,月度；季频指标按实际披露日生效,2020-01-01,待采集,请按评分口径复核最新值、日期和评分。
银行,银行|5-人民币贷款增速,同步,5-人民币贷款增速,0.1286,央行,采用5年滚动分位+同比/环比双阈值；数据滞后超过一个频率周期时自动降权。,同步确认,P1,月度；季频指标按实际披露日生效,2020-01-01,待采集,请按评分口径复核最新值、日期和评分。
银行,银行|6-净息差(NIM),同步,6-净息差(NIM),0.1286,银保监会,采用TTM/滚动4季同比+历史分位；剔除一次性损益，IRR按项目现金流复核。,同步确认,P1,月度；季频指标按实际披露日生效,2020-01-01,待采集,请按评分口径复核最新值、日期和评分。
银行,银行|7-不良贷款率,同步,7-不良贷款率,0.1071,银保监会,采用同比、环比、历史分位三维评分；按去库/改善方向计分。,同步确认,P1,月度；季频指标按实际披露日生效,2020-01-01,待采集,请按评分口径复核最新值、日期和评分。
银行,银行|8-银行中间业务收入增速,同步,8-银行中间业务收入增速,0.0857,上市公司财报,采用季调同比+3个月环比；单月值用3个月移动均值过滤。,同步确认,P1,月度；季频指标按实际披露日生效,2020-01-01,待采集,请按评分口径复核最新值、日期和评分。
银行,银行|9-银行季度净利润增速,滞后,9-银行季度净利润增速,0.1,上市公司财报,采用TTM/滚动4季同比+历史分位；剔除一次性损益，IRR按项目现金流复核。,质量验证,P1,月度；季频指标按实际披露日生效,2020-01-01,待采集,请按评分口径复核最新值、日期和评分。
非银金融,非银金融|10-券商ROE,滞后,10-券商ROE,0.064,上市公司财报,采用TTM/滚动4季同比+历史分位；剔除一次性损益，IRR按项目现金流复核。,质量验证,P1,月度；季频指标按实际披露日生效,2020-01-01,待采集,请按评分口径复核最新值、日期和评分。
非银金融,非银金融|11-保险综合偿付能力充足率,滞后,11-保险综合偿付能力充足率,0.056,银保监会,采用5年滚动分位+同比/环比双阈值；数据滞后超过一个频率周期时自动降权。,质量验证,P1,月度；季频指标按实际披露日生效,2020-01-01,待采集,请按评分口径复核最新值、日期和评分。
非银金融,非银金融|5-券商经纪业务收入,同步,5-券商经纪业务收入,0.135,证券业协会,采用季调同比+3个月环比；单月值用3个月移动均值过滤。,同步确认,P1,月度；季频指标按实际披露日生效,2020-01-01,待采集,请按评分口径复核最新值、日期和评分。
非银金融,非银金融|6-券商投行业务收入,同步,6-券商投行业务收入,0.1125,证券业协会,采用季调同比+3个月环比；单月值用3个月移动均值过滤。,同步确认,P1,月度；季频指标按实际披露日生效,2020-01-01,待采集,请按评分口径复核最新值、日期和评分。
非银金融,非银金融|7-保险保费收入增速,同步,7-保险保费收入增速,0.1125,银保监会,采用季调同比+3个月环比；单月值用3个月移动均值过滤。,同步确认,P1,月度；季频指标按实际披露日生效,2020-01-01,待采集,请按评分口径复核最新值、日期和评分。
非银金融,非银金融|8-保险资金运用收益率,同步,8-保险资金运用收益率,0.09,银保监会,采用5年滚动分位+同比/环比双阈值；数据滞后超过一个频率周期时自动降权。,同步确认,P1,月度；季频指标按实际披露日生效,2020-01-01,待采集,请按评分口径复核最新值、日期和评分。
非银金融,非银金融|9-非银企业季度净利润,滞后,9-非银企业季度净利润,0.08,上市公司财报,采用TTM/滚动4季同比+历史分位；剔除一次性损益，IRR按项目现金流复核。,质量验证,P1,月度；季频指标按实际披露日生效,2020-01-01,待采集,请按评分口径复核最新值、日期和评分。
食品饮料,食品饮料|10-食品饮料行业毛利率,滞后,10-食品饮料行业毛利率,0.08,上市公司财报,改为5年滚动分位(P20/P40/P60/P80)+3个月动量；须与库存、价差或利润交叉确认。,质量验证,P1,月度；季频指标按实际披露日生效,2020-01-01,待采集,请按评分口径复核最新值、日期和评分。
食品饮料,食品饮料|11-CPI非食品项同比,滞后,11-CPI非食品项同比,0.07,国家统计局,采用5年滚动分位+同比/环比双阈值；数据滞后超过一个频率周期时自动降权。,质量验证,P1,月度；季频指标按实际披露日生效,2020-01-01,待采集,请按评分口径复核最新值、日期和评分。
食品饮料,食品饮料|5-白酒批价,同步,5-白酒批价,0.1776,今日酒价,改为5年滚动分位(P20/P40/P60/P80)+3个月动量；须与库存、价差或利润交叉确认。,同步确认,P1,月度；季频指标按实际披露日生效,2020-01-01,待采集,请按评分口径复核最新值、日期和评分。
食品饮料,食品饮料|6-乳制品产量增速,同步,6-乳制品产量增速,0.0947,国家统计局,采用季调同比+3个月环比；单月值用3个月移动均值过滤。,同步确认,P1,月度；季频指标按实际披露日生效,2020-01-01,待采集,请按评分口径复核最新值、日期和评分。
食品饮料,食品饮料|7-啤酒产量增速,同步,7-啤酒产量增速,0.0947,国家统计局,采用季调同比+3个月环比；单月值用3个月移动均值过滤。,同步确认,P1,月度；季频指标按实际披露日生效,2020-01-01,待采集,请按评分口径复核最新值、日期和评分。
食品饮料,食品饮料|8-调味品产量增速,同步,8-调味品产量增速,0.0829,中国调味品协会,采用季调同比+3个月环比；单月值用3个月移动均值过滤。,同步确认,P1,月度；季频指标按实际披露日生效,2020-01-01,待采集,请按评分口径复核最新值、日期和评分。
食品饮料,食品饮料|9-食品饮料企业季度ROE,滞后,9-食品饮料企业季度ROE,0.1,上市公司财报,采用TTM/滚动4季同比+历史分位；剔除一次性损益，IRR按项目现金流复核。,质量验证,P1,月度；季频指标按实际披露日生效,2020-01-01,待采集,请按评分口径复核最新值、日期和评分。
