行业,指标键,层级,指标名称,建议权重,数据来源,评分口径,角色,历史优先级,历史频率,最早回测需要,历史状态,更新备注,数据源就绪状态,当前可用于回测
交通运输,交通运输|1-BDI指数,先行,1-BDI指数,0.1333,波罗的海交易所,采用5年滚动分位+同比/环比双阈值；数据滞后超过一个频率周期时自动降权。,核心先行,P0,月度；季频指标按实际披露日生效,2020-01-01,待采集,请按评分口径复核最新值、日期和评分。,第三方/公司数据：需授权或人工导入,否：尚未导入带生效日期的历史观测
交通运输,交通运输|2-原油运输指数(BDTI),先行,2-原油运输指数(BDTI),0.0889,波罗的海交易所,采用5年滚动分位+同比/环比双阈值；数据滞后超过一个频率周期时自动降权。,核心先行,P0,月度；季频指标按实际披露日生效,2020-01-01,待采集,请按评分口径复核最新值、日期和评分。,第三方/公司数据：需授权或人工导入,否：尚未导入带生效日期的历史观测
交通运输,交通运输|3-集装箱运价指数(CCFI),先行,3-集装箱运价指数(CCFI),0.1067,上海航运交易所,采用5年滚动分位+同比/环比双阈值；数据滞后超过一个频率周期时自动降权。,核心先行,P0,月度；季频指标按实际披露日生效,2020-01-01,待采集,请按评分口径复核最新值、日期和评分。,公开官方源：待开发历史抓取与时点校验,否：尚未导入带生效日期的历史观测
交通运输,交通运输|4-航空煤油价格,先行,4-航空煤油价格,0.0711,IATA,改为5年滚动分位(P20/P40/P60/P80)+3个月动量；须与库存、价差或利润交叉确认。,核心先行,P0,月度；季频指标按实际披露日生效,2020-01-01,待采集,请按评分口径复核最新值、日期和评分。,来源待核验,否：尚未导入带生效日期的历史观测
传媒,传媒|1-互联网广告收入增速,先行,1-互联网广告收入增速,0.1333,QuestMobile,采用季调同比+3个月环比；单月值用3个月移动均值过滤。,核心先行,P0,月度；季频指标按实际披露日生效,2020-01-01,待采集,请按评分口径复核最新值、日期和评分。,第三方/公司数据：需授权或人工导入,否：尚未导入带生效日期的历史观测
传媒,传媒|2-游戏版号发放数量,先行,2-游戏版号发放数量,0.1067,国家新闻出版署,滚动3M/4Q同比；以交付、收入或现金流确认，政策/规划单项权重≤8%。,核心先行,P0,月度；季频指标按实际披露日生效,2020-01-01,待采集,请按评分口径复核最新值、日期和评分。,公开官方源：待开发历史抓取与时点校验,否：尚未导入带生效日期的历史观测
传媒,传媒|3-短视频用户时长,先行,3-短视频用户时长,0.0889,QuestMobile,采用5年滚动分位+同比/环比双阈值；数据滞后超过一个频率周期时自动降权。,核心先行,P0,月度；季频指标按实际披露日生效,2020-01-01,待采集,请按评分口径复核最新值、日期和评分。,第三方/公司数据：需授权或人工导入,否：尚未导入带生效日期的历史观测
传媒,传媒|4-广告主预算变化,先行,4-广告主预算变化,0.0711,CTR,滚动3M/4Q同比；以交付、收入或现金流确认，政策/规划单项权重≤8%。,核心先行,P0,月度；季频指标按实际披露日生效,2020-01-01,待采集,请按评分口径复核最新值、日期和评分。,来源待核验,否：尚未导入带生效日期的历史观测
公用事业,公用事业|1-动力煤价格变化,先行,1-动力煤价格变化,0.1,秦皇岛动力煤,改为5年滚动分位(P20/P40/P60/P80)+3个月动量；须与库存、价差或利润交叉确认。,核心先行,P0,月度；季频指标按实际披露日生效,2020-01-01,待采集,请按评分口径复核最新值、日期和评分。,来源待核验,否：尚未导入带生效日期的历史观测
公用事业,公用事业|2-天然气进口价格,先行,2-天然气进口价格,0.08,海关总署,改为5年滚动分位(P20/P40/P60/P80)+3个月动量；须与库存、价差或利润交叉确认。,核心先行,P0,月度；季频指标按实际披露日生效,2020-01-01,待采集,请按评分口径复核最新值、日期和评分。,公开官方源：待开发历史抓取与时点校验,否：尚未导入带生效日期的历史观测
公用事业,公用事业|3-来水情况(三峡出库流量),先行,3-来水情况(三峡出库流量),0.0667,长江水利委员会,采用5年滚动分位+同比/环比双阈值；数据滞后超过一个频率周期时自动降权。,核心先行,P0,月度；季频指标按实际披露日生效,2020-01-01,待采集,请按评分口径复核最新值、日期和评分。,来源待核验,否：尚未导入带生效日期的历史观测
公用事业,公用事业|4-新能源装机规划,先行,4-新能源装机规划,0.0533,国家能源局,滚动3M/4Q同比；以交付、收入或现金流确认，政策/规划单项权重≤8%。,核心先行,P0,月度；季频指标按实际披露日生效,2020-01-01,待采集,请按评分口径复核最新值、日期和评分。,公开官方源：待开发历史抓取与时点校验,否：尚未导入带生效日期的历史观测
农林牧渔,农林牧渔|1-能繁母猪存栏量变化,先行,1-能繁母猪存栏量变化,0.125,农业农村部,采用5年滚动分位+同比/环比双阈值；数据滞后超过一个频率周期时自动降权。,核心先行,P0,月度；季频指标按实际披露日生效,2020-01-01,待采集,请按评分口径复核最新值、日期和评分。,公开官方源：待开发历史抓取与时点校验,否：尚未导入带生效日期的历史观测
农林牧渔,农林牧渔|2-仔猪价格变化,先行,2-仔猪价格变化,0.125,农业农村部/博亚和讯,改为5年滚动分位(P20/P40/P60/P80)+3个月动量；须与库存、价差或利润交叉确认。,核心先行,P0,月度；季频指标按实际披露日生效,2020-01-01,待采集,请按评分口径复核最新值、日期和评分。,公开官方源：待开发历史抓取与时点校验,否：尚未导入带生效日期的历史观测
农林牧渔,农林牧渔|3-饲料价格变化,先行,3-饲料价格变化,0.1,中国饲料工业协会,改为5年滚动分位(P20/P40/P60/P80)+3个月动量；须与库存、价差或利润交叉确认。,核心先行,P0,月度；季频指标按实际披露日生效,2020-01-01,待采集,请按评分口径复核最新值、日期和评分。,来源待核验,否：尚未导入带生效日期的历史观测
农林牧渔,农林牧渔|4-农产品进口量增速,先行,4-农产品进口量增速,0.0833,海关总署,采用5年滚动分位+同比/环比双阈值；数据滞后超过一个频率周期时自动降权。,核心先行,P0,月度；季频指标按实际披露日生效,2020-01-01,待采集,请按评分口径复核最新值、日期和评分。,公开官方源：待开发历史抓取与时点校验,否：尚未导入带生效日期的历史观测
农林牧渔,农林牧渔|5-种植面积变化,先行,5-种植面积变化,0.0667,国家统计局,采用5年滚动分位+同比/环比双阈值；数据滞后超过一个频率周期时自动降权。,核心先行,P0,月度；季频指标按实际披露日生效,2020-01-01,待采集,请按评分口径复核最新值、日期和评分。,公开官方源：待开发历史抓取与时点校验,否：尚未导入带生效日期的历史观测
医药生物,医药生物|1-创新药IND数量,先行,1-创新药IND数量,0.1667,CDE,采用5年滚动分位+同比/环比双阈值；数据滞后超过一个频率周期时自动降权。,核心先行,P0,月度；季频指标按实际披露日生效,2020-01-01,待采集,请按评分口径复核最新值、日期和评分。,来源待核验,否：尚未导入带生效日期的历史观测
医药生物,医药生物|2-医保谈判降价幅度,先行,2-医保谈判降价幅度,0.1111,国家医保局,采用5年滚动分位+同比/环比双阈值；数据滞后超过一个频率周期时自动降权。,核心先行,P0,月度；季频指标按实际披露日生效,2020-01-01,待采集,请按评分口径复核最新值、日期和评分。,公开官方源：待开发历史抓取与时点校验,否：尚未导入带生效日期的历史观测
医药生物,医药生物|3-原料药价格变化,先行,3-原料药价格变化,0.1111,健康网,改为5年滚动分位(P20/P40/P60/P80)+3个月动量；须与库存、价差或利润交叉确认。,核心先行,P0,月度；季频指标按实际披露日生效,2020-01-01,待采集,请按评分口径复核最新值、日期和评分。,来源待核验,否：尚未导入带生效日期的历史观测
医药生物,医药生物|4-全球生物医药融资额,先行,4-全球生物医药融资额,0.1111,PitchBook,滚动3M/4Q同比；以交付、收入或现金流确认，政策/规划单项权重≤8%。,核心先行,P0,月度；季频指标按实际披露日生效,2020-01-01,待采集,请按评分口径复核最新值、日期和评分。,来源待核验,否：尚未导入带生效日期的历史观测
商贸零售,商贸零售|1-社会消费品零售总额增速,先行,1-社会消费品零售总额增速,0.1333,国家统计局,采用季调同比+3个月环比；单月值用3个月移动均值过滤。,核心先行,P0,月度；季频指标按实际披露日生效,2020-01-01,待采集,请按评分口径复核最新值、日期和评分。,公开官方源：待开发历史抓取与时点校验,否：尚未导入带生效日期的历史观测
商贸零售,商贸零售|2-消费者信心指数,先行,2-消费者信心指数,0.1067,国家统计局,采用5年滚动分位+同比/环比双阈值；数据滞后超过一个频率周期时自动降权。,核心先行,P0,月度；季频指标按实际披露日生效,2020-01-01,待采集,请按评分口径复核最新值、日期和评分。,公开官方源：待开发历史抓取与时点校验,否：尚未导入带生效日期的历史观测
商贸零售,商贸零售|3-人均可支配收入增速,先行,3-人均可支配收入增速,0.0889,国家统计局,采用季调同比+3个月环比；单月值用3个月移动均值过滤。,核心先行,P0,月度；季频指标按实际披露日生效,2020-01-01,待采集,请按评分口径复核最新值、日期和评分。,公开官方源：待开发历史抓取与时点校验,否：尚未导入带生效日期的历史观测
商贸零售,商贸零售|4-网购渗透率,先行,4-网购渗透率,0.0711,商务部,采用5年滚动分位+同比/环比双阈值；数据滞后超过一个频率周期时自动降权。,核心先行,P0,月度；季频指标按实际披露日生效,2020-01-01,待采集,请按评分口径复核最新值、日期和评分。,公开官方源：待开发历史抓取与时点校验,否：尚未导入带生效日期的历史观测
国防军工,国防军工|1-国防预算增速,先行,1-国防预算增速,0.1698,全国人大,滚动3M/4Q同比；以交付、收入或现金流确认，政策/规划单项权重≤8%。,核心先行,P0,月度；季频指标按实际披露日生效,2020-01-01,待采集,请按评分口径复核最新值、日期和评分。,来源待核验,否：尚未导入带生效日期的历史观测
国防军工,国防军工|2-军工集团订单公告,先行,2-军工集团订单公告,0.1274,上市公司公告,滚动3M/4Q同比；以交付、收入或现金流确认，政策/规划单项权重≤8%。,核心先行,P0,月度；季频指标按实际披露日生效,2020-01-01,待采集,请按评分口径复核最新值、日期和评分。,来源待核验,否：尚未导入带生效日期的历史观测
国防军工,国防军工|3-军品采购计划,先行,3-军品采购计划,0.0849,全军武器装备采购网,采用5年滚动分位+同比/环比双阈值；数据滞后超过一个频率周期时自动降权。,核心先行,P0,月度；季频指标按实际披露日生效,2020-01-01,待采集,请按评分口径复核最新值、日期和评分。,来源待核验,否：尚未导入带生效日期的历史观测
国防军工,国防军工|4-地缘政治风险指数,先行,4-地缘政治风险指数,0.0679,相关智库,采用5年滚动分位+同比/环比双阈值；数据滞后超过一个频率周期时自动降权。,核心先行,P0,月度；季频指标按实际披露日生效,2020-01-01,待采集,请按评分口径复核最新值、日期和评分。,来源待核验,否：尚未导入带生效日期的历史观测
基础化工,基础化工|1-原油价格变化,先行,1-原油价格变化,0.15,WTI/布伦特,改为5年滚动分位(P20/P40/P60/P80)+3个月动量；须与库存、价差或利润交叉确认。,核心先行,P0,月度；季频指标按实际披露日生效,2020-01-01,待采集,请按评分口径复核最新值、日期和评分。,来源待核验,否：尚未导入带生效日期的历史观测
基础化工,基础化工|2-煤化工原料煤价格,先行,2-煤化工原料煤价格,0.12,秦皇岛动力煤,改为5年滚动分位(P20/P40/P60/P80)+3个月动量；须与库存、价差或利润交叉确认。,核心先行,P0,月度；季频指标按实际披露日生效,2020-01-01,待采集,请按评分口径复核最新值、日期和评分。,来源待核验,否：尚未导入带生效日期的历史观测
基础化工,基础化工|3-化工品产能利用率,先行,3-化工品产能利用率,0.13,卓创资讯,采用TTM/滚动4季同比+历史分位；剔除一次性损益，IRR按项目现金流复核。,核心先行,P0,月度；季频指标按实际披露日生效,2020-01-01,待采集,请按评分口径复核最新值、日期和评分。,第三方/公司数据：需授权或人工导入,否：尚未导入带生效日期的历史观测
基础化工,基础化工|4-新增产能投放计划,先行,4-新增产能投放计划,0.1,公司公告/行业协会,采用5年滚动分位+同比/环比双阈值；数据滞后超过一个频率周期时自动降权。,核心先行,P0,月度；季频指标按实际披露日生效,2020-01-01,待采集,请按评分口径复核最新值、日期和评分。,来源待核验,否：尚未导入带生效日期的历史观测
家用电器,家用电器|1-房地产竣工面积增速,先行,1-房地产竣工面积增速,0.1277,国家统计局,采用5年滚动分位+同比/环比双阈值；数据滞后超过一个频率周期时自动降权。,核心先行,P0,月度；季频指标按实际披露日生效,2020-01-01,待采集,请按评分口径复核最新值、日期和评分。,公开官方源：待开发历史抓取与时点校验,否：尚未导入带生效日期的历史观测
家用电器,家用电器|2-商品房销售面积增速,先行,2-商品房销售面积增速,0.1021,国家统计局,采用5年滚动分位+同比/环比双阈值；数据滞后超过一个频率周期时自动降权。,核心先行,P0,月度；季频指标按实际披露日生效,2020-01-01,待采集,请按评分口径复核最新值、日期和评分。,公开官方源：待开发历史抓取与时点校验,否：尚未导入带生效日期的历史观测
家用电器,家用电器|3-铜/钢等原材料价格,先行,3-铜/钢等原材料价格,0.0851,LME/上海期货,改为5年滚动分位(P20/P40/P60/P80)+3个月动量；须与库存、价差或利润交叉确认。,核心先行,P0,月度；季频指标按实际披露日生效,2020-01-01,待采集,请按评分口径复核最新值、日期和评分。,来源待核验,否：尚未导入带生效日期的历史观测
家用电器,家用电器|4-家电企业排产计划,先行,4-家电企业排产计划,0.0851,产业在线,采用5年滚动分位+同比/环比双阈值；数据滞后超过一个频率周期时自动降权。,核心先行,P0,月度；季频指标按实际披露日生效,2020-01-01,待采集,请按评分口径复核最新值、日期和评分。,来源待核验,否：尚未导入带生效日期的历史观测
建筑材料,建筑材料|1-水泥熟料价格,先行,1-水泥熟料价格,0.15,数字水泥网,改为5年滚动分位(P20/P40/P60/P80)+3个月动量；须与库存、价差或利润交叉确认。,核心先行,P0,月度；季频指标按实际披露日生效,2020-01-01,待采集,请按评分口径复核最新值、日期和评分。,第三方/公司数据：需授权或人工导入,否：尚未导入带生效日期的历史观测
建筑材料,建筑材料|2-玻璃原片价格,先行,2-玻璃原片价格,0.12,卓创资讯,改为5年滚动分位(P20/P40/P60/P80)+3个月动量；须与库存、价差或利润交叉确认。,核心先行,P0,月度；季频指标按实际披露日生效,2020-01-01,待采集,请按评分口径复核最新值、日期和评分。,第三方/公司数据：需授权或人工导入,否：尚未导入带生效日期的历史观测
建筑材料,建筑材料|3-房地产新开工面积增速,先行,3-房地产新开工面积增速,0.13,国家统计局,采用5年滚动分位+同比/环比双阈值；数据滞后超过一个频率周期时自动降权。,核心先行,P0,月度；季频指标按实际披露日生效,2020-01-01,待采集,请按评分口径复核最新值、日期和评分。,公开官方源：待开发历史抓取与时点校验,否：尚未导入带生效日期的历史观测
建筑材料,建筑材料|4-基建投资增速,先行,4-基建投资增速,0.1,国家统计局,采用5年滚动分位+同比/环比双阈值；数据滞后超过一个频率周期时自动降权。,核心先行,P0,月度；季频指标按实际披露日生效,2020-01-01,待采集,请按评分口径复核最新值、日期和评分。,公开官方源：待开发历史抓取与时点校验,否：尚未导入带生效日期的历史观测
建筑装饰,建筑装饰|1-基建投资计划,先行,1-基建投资计划,0.15,发改委/财政部,采用5年滚动分位+同比/环比双阈值；数据滞后超过一个频率周期时自动降权。,核心先行,P0,月度；季频指标按实际披露日生效,2020-01-01,待采集,请按评分口径复核最新值、日期和评分。,公开官方源：待开发历史抓取与时点校验,否：尚未导入带生效日期的历史观测
建筑装饰,建筑装饰|2-专项债发行规模,先行,2-专项债发行规模,0.12,财政部,采用5年滚动分位+同比/环比双阈值；数据滞后超过一个频率周期时自动降权。,核心先行,P0,月度；季频指标按实际披露日生效,2020-01-01,待采集,请按评分口径复核最新值、日期和评分。,公开官方源：待开发历史抓取与时点校验,否：尚未导入带生效日期的历史观测
建筑装饰,建筑装饰|3-房地产新开工面积增速,先行,3-房地产新开工面积增速,0.1,国家统计局,采用5年滚动分位+同比/环比双阈值；数据滞后超过一个频率周期时自动降权。,核心先行,P0,月度；季频指标按实际披露日生效,2020-01-01,待采集,请按评分口径复核最新值、日期和评分。,公开官方源：待开发历史抓取与时点校验,否：尚未导入带生效日期的历史观测
建筑装饰,建筑装饰|4-钢材价格变化,先行,4-钢材价格变化,0.08,上海钢联,改为5年滚动分位(P20/P40/P60/P80)+3个月动量；须与库存、价差或利润交叉确认。,核心先行,P0,月度；季频指标按实际披露日生效,2020-01-01,待采集,请按评分口径复核最新值、日期和评分。,来源待核验,否：尚未导入带生效日期的历史观测
房地产,房地产|1-百城土地成交面积增速,先行,1-百城土地成交面积增速,0.1667,中指院,采用5年滚动分位+同比/环比双阈值；数据滞后超过一个频率周期时自动降权。,核心先行,P0,月度；季频指标按实际披露日生效,2020-01-01,待采集,请按评分口径复核最新值、日期和评分。,第三方/公司数据：需授权或人工导入,否：尚未导入带生效日期的历史观测
房地产,房地产|2-房企拿地金额增速,先行,2-房企拿地金额增速,0.1333,中指院,采用5年滚动分位+同比/环比双阈值；数据滞后超过一个频率周期时自动降权。,核心先行,P0,月度；季频指标按实际披露日生效,2020-01-01,待采集,请按评分口径复核最新值、日期和评分。,第三方/公司数据：需授权或人工导入,否：尚未导入带生效日期的历史观测
房地产,房地产|3-房贷利率,先行,3-房贷利率,0.1111,央行,改为5年滚动分位(P20/P40/P60/P80)+3个月动量；须与库存、价差或利润交叉确认。,核心先行,P0,月度；季频指标按实际披露日生效,2020-01-01,待采集,请按评分口径复核最新值、日期和评分。,公开官方源：待开发历史抓取与时点校验,否：尚未导入带生效日期的历史观测
房地产,房地产|4-房地产信托发行规模,先行,4-房地产信托发行规模,0.0889,用益信托,采用5年滚动分位+同比/环比双阈值；数据滞后超过一个频率周期时自动降权。,核心先行,P0,月度；季频指标按实际披露日生效,2020-01-01,待采集,请按评分口径复核最新值、日期和评分。,来源待核验,否：尚未导入带生效日期的历史观测
有色金属,有色金属|1-LME铜库存变化,先行,1-LME铜库存变化,0.15,LME,采用同比、环比、历史分位三维评分；按去库/改善方向计分。,核心先行,P0,月度；季频指标按实际披露日生效,2020-01-01,待采集,请按评分口径复核最新值、日期和评分。,来源待核验,否：尚未导入带生效日期的历史观测
有色金属,有色金属|2-铜精矿TC/RC,先行,2-铜精矿TC/RC,0.12,SMM,改为5年滚动分位(P20/P40/P60/P80)+3个月动量；须与库存、价差或利润交叉确认。,核心先行,P0,月度；季频指标按实际披露日生效,2020-01-01,待采集,请按评分口径复核最新值、日期和评分。,第三方/公司数据：需授权或人工导入,否：尚未导入带生效日期的历史观测
有色金属,有色金属|3-美元指数,先行,3-美元指数,0.1,美联储,采用5年滚动分位+同比/环比双阈值；数据滞后超过一个频率周期时自动降权。,核心先行,P0,月度；季频指标按实际披露日生效,2020-01-01,待采集,请按评分口径复核最新值、日期和评分。,来源待核验,否：尚未导入带生效日期的历史观测
有色金属,有色金属|4-全球矿山资本开支增速,先行,4-全球矿山资本开支增速,0.08,Wood Mackenzie,采用5年滚动分位+同比/环比双阈值；数据滞后超过一个频率周期时自动降权。,核心先行,P0,月度；季频指标按实际披露日生效,2020-01-01,待采集,请按评分口径复核最新值、日期和评分。,来源待核验,否：尚未导入带生效日期的历史观测
机械设备,机械设备|1-制造业固定资产投资增速,先行,1-制造业固定资产投资增速,0.1667,国家统计局,采用5年滚动分位+同比/环比双阈值；数据滞后超过一个频率周期时自动降权。,核心先行,P0,月度；季频指标按实际披露日生效,2020-01-01,待采集,请按评分口径复核最新值、日期和评分。,公开官方源：待开发历史抓取与时点校验,否：尚未导入带生效日期的历史观测
机械设备,机械设备|2-挖掘机开工小时数,先行,2-挖掘机开工小时数,0.1333,小松,采用5年滚动分位+同比/环比双阈值；数据滞后超过一个频率周期时自动降权。,核心先行,P0,月度；季频指标按实际披露日生效,2020-01-01,待采集,请按评分口径复核最新值、日期和评分。,第三方/公司数据：需授权或人工导入,否：尚未导入带生效日期的历史观测
机械设备,机械设备|3-机床订单增速,先行,3-机床订单增速,0.1111,日本机床工业协会,滚动3M/4Q同比；以交付、收入或现金流确认，政策/规划单项权重≤8%。,核心先行,P0,月度；季频指标按实际披露日生效,2020-01-01,待采集,请按评分口径复核最新值、日期和评分。,第三方/公司数据：需授权或人工导入,否：尚未导入带生效日期的历史观测
机械设备,机械设备|4-工业机器人产量增速,先行,4-工业机器人产量增速,0.0889,国家统计局,采用季调同比+3个月环比；单月值用3个月移动均值过滤。,核心先行,P0,月度；季频指标按实际披露日生效,2020-01-01,待采集,请按评分口径复核最新值、日期和评分。,公开官方源：待开发历史抓取与时点校验,否：尚未导入带生效日期的历史观测
汽车,汽车|1-汽车经销商库存系数,先行,1-汽车经销商库存系数,0.1333,中国汽车流通协会,采用同比、环比、历史分位三维评分；按去库/改善方向计分。,核心先行,P0,月度；季频指标按实际披露日生效,2020-01-01,待采集,请按评分口径复核最新值、日期和评分。,来源待核验,否：尚未导入带生效日期的历史观测
汽车,汽车|2-新能源汽车渗透率,先行,2-新能源汽车渗透率,0.1067,中汽协,采用5年滚动分位+同比/环比双阈值；数据滞后超过一个频率周期时自动降权。,核心先行,P0,月度；季频指标按实际披露日生效,2020-01-01,待采集,请按评分口径复核最新值、日期和评分。,来源待核验,否：尚未导入带生效日期的历史观测
汽车,汽车|3-动力电池装车量增速,先行,3-动力电池装车量增速,0.0889,中国汽车动力电池产业创新联盟,采用5年滚动分位+同比/环比双阈值；数据滞后超过一个频率周期时自动降权。,核心先行,P0,月度；季频指标按实际披露日生效,2020-01-01,待采集,请按评分口径复核最新值、日期和评分。,来源待核验,否：尚未导入带生效日期的历史观测
汽车,汽车|4-汽车出口量增速,先行,4-汽车出口量增速,0.0711,海关总署,采用5年滚动分位+同比/环比双阈值；数据滞后超过一个频率周期时自动降权。,核心先行,P0,月度；季频指标按实际披露日生效,2020-01-01,待采集,请按评分口径复核最新值、日期和评分。,公开官方源：待开发历史抓取与时点校验,否：尚未导入带生效日期的历史观测
煤炭,煤炭|1-动力煤港口库存,先行,1-动力煤港口库存,0.1667,秦皇岛港,采用同比、环比、历史分位三维评分；按去库/改善方向计分。,核心先行,P0,月度；季频指标按实际披露日生效,2020-01-01,待采集,请按评分口径复核最新值、日期和评分。,来源待核验,否：尚未导入带生效日期的历史观测
煤炭,煤炭|2-焦煤港口库存,先行,2-焦煤港口库存,0.1111,京唐港,采用同比、环比、历史分位三维评分；按去库/改善方向计分。,核心先行,P0,月度；季频指标按实际披露日生效,2020-01-01,待采集,请按评分口径复核最新值、日期和评分。,来源待核验,否：尚未导入带生效日期的历史观测
煤炭,煤炭|3-电厂日耗煤量,先行,3-电厂日耗煤量,0.1333,六大电厂,采用5年滚动分位+同比/环比双阈值；数据滞后超过一个频率周期时自动降权。,核心先行,P0,月度；季频指标按实际披露日生效,2020-01-01,待采集,请按评分口径复核最新值、日期和评分。,来源待核验,否：尚未导入带生效日期的历史观测
煤炭,煤炭|4-进口煤数量增速,先行,4-进口煤数量增速,0.0889,海关总署,采用5年滚动分位+同比/环比双阈值；数据滞后超过一个频率周期时自动降权。,核心先行,P0,月度；季频指标按实际披露日生效,2020-01-01,待采集,请按评分口径复核最新值、日期和评分。,公开官方源：待开发历史抓取与时点校验,否：尚未导入带生效日期的历史观测
环保,环保|1-环保固定资产投资计划,先行,1-环保固定资产投资计划,0.15,发改委,采用5年滚动分位+同比/环比双阈值；数据滞后超过一个频率周期时自动降权。,核心先行,P0,月度；季频指标按实际披露日生效,2020-01-01,待采集,请按评分口径复核最新值、日期和评分。,公开官方源：待开发历史抓取与时点校验,否：尚未导入带生效日期的历史观测
环保,环保|2-环保政策发布数量,先行,2-环保政策发布数量,0.1,生态环境部,滚动3M/4Q同比；以交付、收入或现金流确认，政策/规划单项权重≤8%。,核心先行,P0,月度；季频指标按实际披露日生效,2020-01-01,待采集,请按评分口径复核最新值、日期和评分。,来源待核验,否：尚未导入带生效日期的历史观测
环保,环保|3-碳交易价格,先行,3-碳交易价格,0.12,全国碳市场,改为5年滚动分位(P20/P40/P60/P80)+3个月动量；须与库存、价差或利润交叉确认。,核心先行,P0,月度；季频指标按实际披露日生效,2020-01-01,待采集,请按评分口径复核最新值、日期和评分。,来源待核验,否：尚未导入带生效日期的历史观测
环保,环保|4-地方政府环保支出,先行,4-地方政府环保支出,0.08,财政部,采用5年滚动分位+同比/环比双阈值；数据滞后超过一个频率周期时自动降权。,核心先行,P0,月度；季频指标按实际披露日生效,2020-01-01,待采集,请按评分口径复核最新值、日期和评分。,公开官方源：待开发历史抓取与时点校验,否：尚未导入带生效日期的历史观测
电力设备,电力设备|1-光伏组件价格,先行,1-光伏组件价格,0.0947,PV InfoLink,改为5年滚动分位(P20/P40/P60/P80)+3个月动量；须与库存、价差或利润交叉确认。,核心先行,P0,月度；季频指标按实际披露日生效,2020-01-01,待采集,请按评分口径复核最新值、日期和评分。,来源待核验,否：尚未导入带生效日期的历史观测
电力设备,电力设备|2-硅料价格,先行,2-硅料价格,0.0789,硅业分会,改为5年滚动分位(P20/P40/P60/P80)+3个月动量；须与库存、价差或利润交叉确认。,核心先行,P0,月度；季频指标按实际披露日生效,2020-01-01,待采集,请按评分口径复核最新值、日期和评分。,来源待核验,否：尚未导入带生效日期的历史观测
电力设备,电力设备|3-锂电池价格,先行,3-锂电池价格,0.0947,SMM,改为5年滚动分位(P20/P40/P60/P80)+3个月动量；须与库存、价差或利润交叉确认。,核心先行,P0,月度；季频指标按实际披露日生效,2020-01-01,待采集,请按评分口径复核最新值、日期和评分。,第三方/公司数据：需授权或人工导入,否：尚未导入带生效日期的历史观测
电力设备,电力设备|4-风电招标量,先行,4-风电招标量,0.1026,金风科技/中国风能协会,滚动3M/4Q同比；以交付、收入或现金流确认，政策/规划单项权重≤8%。,核心先行,P0,月度；季频指标按实际披露日生效,2020-01-01,待采集,请按评分口径复核最新值、日期和评分。,来源待核验,否：尚未导入带生效日期的历史观测
电力设备,电力设备|5-电网投资计划,先行,5-电网投资计划,0.0789,国家电网/南方电网,采用5年滚动分位+同比/环比双阈值；数据滞后超过一个频率周期时自动降权。,核心先行,P0,月度；季频指标按实际披露日生效,2020-01-01,待采集,请按评分口径复核最新值、日期和评分。,来源待核验,否：尚未导入带生效日期的历史观测
电子,电子|1-全球半导体销售额增速,先行,1-全球半导体销售额增速,0.1364,SIA/WSTS,采用5年滚动分位+同比/环比双阈值；数据滞后超过一个频率周期时自动降权。,核心先行,P0,月度；季频指标按实际披露日生效,2020-01-01,待采集,请按评分口径复核最新值、日期和评分。,来源待核验,否：尚未导入带生效日期的历史观测
电子,电子|2-存储芯片价格变化,先行,2-存储芯片价格变化,0.1091,DRAMeXchange,改为5年滚动分位(P20/P40/P60/P80)+3个月动量；须与库存、价差或利润交叉确认。,核心先行,P0,月度；季频指标按实际披露日生效,2020-01-01,待采集,请按评分口径复核最新值、日期和评分。,来源待核验,否：尚未导入带生效日期的历史观测
电子,电子|3-硅片出货量增速,先行,3-硅片出货量增速,0.0909,SEMI,采用季调同比+3个月环比；单月值用3个月移动均值过滤。,核心先行,P0,月度；季频指标按实际披露日生效,2020-01-01,待采集,请按评分口径复核最新值、日期和评分。,来源待核验,否：尚未导入带生效日期的历史观测
电子,电子|4-设备商订单增速,先行,4-设备商订单增速,0.0909,应用材料/ASML财报,滚动3M/4Q同比；以交付、收入或现金流确认，政策/规划单项权重≤8%。,核心先行,P0,月度；季频指标按实际披露日生效,2020-01-01,待采集,请按评分口径复核最新值、日期和评分。,第三方/公司数据：需授权或人工导入,否：尚未导入带生效日期的历史观测
电子,电子|5-下游客户库存周转天数,先行,5-下游客户库存周转天数,0.0727,下游公司财报,采用同比、环比、历史分位三维评分；按去库/改善方向计分。,核心先行,P0,月度；季频指标按实际披露日生效,2020-01-01,待采集,请按评分口径复核最新值、日期和评分。,来源待核验,否：尚未导入带生效日期的历史观测
石油石化,石油石化|1-原油价格(Brent),先行,1-原油价格(Brent),0.1744,ICE,改为5年滚动分位(P20/P40/P60/P80)+3个月动量；须与库存、价差或利润交叉确认。,核心先行,P0,月度；季频指标按实际披露日生效,2020-01-01,待采集,请按评分口径复核最新值、日期和评分。,来源待核验,否：尚未导入带生效日期的历史观测
石油石化,石油石化|2-OPEC+产量政策,先行,2-OPEC+产量政策,0.1163,OPEC,滚动3M/4Q同比；以交付、收入或现金流确认，政策/规划单项权重≤8%。,核心先行,P0,月度；季频指标按实际披露日生效,2020-01-01,待采集,请按评分口径复核最新值、日期和评分。,来源待核验,否：尚未导入带生效日期的历史观测
石油石化,石油石化|3-美国原油库存变化,先行,3-美国原油库存变化,0.1163,EIA,采用同比、环比、历史分位三维评分；按去库/改善方向计分。,核心先行,P0,月度；季频指标按实际披露日生效,2020-01-01,待采集,请按评分口径复核最新值、日期和评分。,来源待核验,否：尚未导入带生效日期的历史观测
石油石化,石油石化|4-全球石油需求预期,先行,4-全球石油需求预期,0.093,IEA/EIA/OPEC,采用5年滚动分位+同比/环比双阈值；数据滞后超过一个频率周期时自动降权。,核心先行,P0,月度；季频指标按实际披露日生效,2020-01-01,待采集,请按评分口径复核最新值、日期和评分。,来源待核验,否：尚未导入带生效日期的历史观测
社会服务,社会服务|1-居民可支配收入增速,先行,1-居民可支配收入增速,0.1333,国家统计局,采用季调同比+3个月环比；单月值用3个月移动均值过滤。,核心先行,P0,月度；季频指标按实际披露日生效,2020-01-01,待采集,请按评分口径复核最新值、日期和评分。,公开官方源：待开发历史抓取与时点校验,否：尚未导入带生效日期的历史观测
社会服务,社会服务|2-节假日旅游预订量,先行,2-节假日旅游预订量,0.1067,携程/去哪儿,采用5年滚动分位+同比/环比双阈值；数据滞后超过一个频率周期时自动降权。,核心先行,P0,月度；季频指标按实际披露日生效,2020-01-01,待采集,请按评分口径复核最新值、日期和评分。,第三方/公司数据：需授权或人工导入,否：尚未导入带生效日期的历史观测
社会服务,社会服务|3-航空客座率,先行,3-航空客座率,0.0889,民航局,采用5年滚动分位+同比/环比双阈值；数据滞后超过一个频率周期时自动降权。,核心先行,P0,月度；季频指标按实际披露日生效,2020-01-01,待采集,请按评分口径复核最新值、日期和评分。,来源待核验,否：尚未导入带生效日期的历史观测
社会服务,社会服务|4-酒店RevPAR,先行,4-酒店RevPAR,0.0711,STR,采用5年滚动分位+同比/环比双阈值；数据滞后超过一个频率周期时自动降权。,核心先行,P0,月度；季频指标按实际披露日生效,2020-01-01,待采集,请按评分口径复核最新值、日期和评分。,来源待核验,否：尚未导入带生效日期的历史观测
纺织服饰,纺织服饰|1-棉花价格变化,先行,1-棉花价格变化,0.1333,郑商所/ICE,改为5年滚动分位(P20/P40/P60/P80)+3个月动量；须与库存、价差或利润交叉确认。,核心先行,P0,月度；季频指标按实际披露日生效,2020-01-01,待采集,请按评分口径复核最新值、日期和评分。,来源待核验,否：尚未导入带生效日期的历史观测
纺织服饰,纺织服饰|2-化纤价格变化,先行,2-化纤价格变化,0.1067,CCFEI,改为5年滚动分位(P20/P40/P60/P80)+3个月动量；须与库存、价差或利润交叉确认。,核心先行,P0,月度；季频指标按实际披露日生效,2020-01-01,待采集,请按评分口径复核最新值、日期和评分。,来源待核验,否：尚未导入带生效日期的历史观测
纺织服饰,纺织服饰|3-美国服装零售库存,先行,3-美国服装零售库存,0.0889,美国商务部,采用同比、环比、历史分位三维评分；按去库/改善方向计分。,核心先行,P0,月度；季频指标按实际披露日生效,2020-01-01,待采集,请按评分口径复核最新值、日期和评分。,公开官方源：待开发历史抓取与时点校验,否：尚未导入带生效日期的历史观测
纺织服饰,纺织服饰|4-人民币汇率,先行,4-人民币汇率,0.0711,中国外汇交易中心,采用5年滚动分位+同比/环比双阈值；数据滞后超过一个频率周期时自动降权。,核心先行,P0,月度；季频指标按实际披露日生效,2020-01-01,待采集,请按评分口径复核最新值、日期和评分。,来源待核验,否：尚未导入带生效日期的历史观测
综合,综合|1-宏观经济景气指数,先行,1-宏观经济景气指数,0.2,国家统计局,采用5年滚动分位+同比/环比双阈值；数据滞后超过一个频率周期时自动降权。,核心先行,P0,月度；季频指标按实际披露日生效,2020-01-01,待采集,请按评分口径复核最新值、日期和评分。,公开官方源：待开发历史抓取与时点校验,否：尚未导入带生效日期的历史观测
综合,综合|2-制造业PMI,先行,2-制造业PMI,0.15,国家统计局,采用5年滚动分位+同比/环比双阈值；数据滞后超过一个频率周期时自动降权。,核心先行,P0,月度；季频指标按实际披露日生效,2020-01-01,待采集,请按评分口径复核最新值、日期和评分。,公开官方源：待开发历史抓取与时点校验,否：尚未导入带生效日期的历史观测
综合,综合|3-新增社融规模,先行,3-新增社融规模,0.1,央行,采用5年滚动分位+同比/环比双阈值；数据滞后超过一个频率周期时自动降权。,核心先行,P0,月度；季频指标按实际披露日生效,2020-01-01,待采集,请按评分口径复核最新值、日期和评分。,公开官方源：待开发历史抓取与时点校验,否：尚未导入带生效日期的历史观测
美容护理,美容护理|1-居民人均可支配收入增速,先行,1-居民人均可支配收入增速,0.1333,国家统计局,采用季调同比+3个月环比；单月值用3个月移动均值过滤。,核心先行,P0,月度；季频指标按实际披露日生效,2020-01-01,待采集,请按评分口径复核最新值、日期和评分。,公开官方源：待开发历史抓取与时点校验,否：尚未导入带生效日期的历史观测
美容护理,美容护理|2-化妆品进口金额增速,先行,2-化妆品进口金额增速,0.0889,海关总署,采用5年滚动分位+同比/环比双阈值；数据滞后超过一个频率周期时自动降权。,核心先行,P0,月度；季频指标按实际披露日生效,2020-01-01,待采集,请按评分口径复核最新值、日期和评分。,公开官方源：待开发历史抓取与时点校验,否：尚未导入带生效日期的历史观测
美容护理,美容护理|3-消费者信心指数,先行,3-消费者信心指数,0.1067,国家统计局,采用5年滚动分位+同比/环比双阈值；数据滞后超过一个频率周期时自动降权。,核心先行,P0,月度；季频指标按实际披露日生效,2020-01-01,待采集,请按评分口径复核最新值、日期和评分。,公开官方源：待开发历史抓取与时点校验,否：尚未导入带生效日期的历史观测
美容护理,美容护理|4-社交媒体美妆话题热度,先行,4-社交媒体美妆话题热度,0.0711,相关平台,采用5年滚动分位+同比/环比双阈值；数据滞后超过一个频率周期时自动降权。,核心先行,P0,月度；季频指标按实际披露日生效,2020-01-01,待采集,请按评分口径复核最新值、日期和评分。,来源待核验,否：尚未导入带生效日期的历史观测
计算机,计算机|1-全球IT支出增速,先行,1-全球IT支出增速,0.15,Gartner,采用5年滚动分位+同比/环比双阈值；数据滞后超过一个频率周期时自动降权。,核心先行,P0,月度；季频指标按实际披露日生效,2020-01-01,待采集,请按评分口径复核最新值、日期和评分。,来源待核验,否：尚未导入带生效日期的历史观测
计算机,计算机|2-云计算资本开支,先行,2-云计算资本开支,0.12,AWS/Azure/阿里云,采用5年滚动分位+同比/环比双阈值；数据滞后超过一个频率周期时自动降权。,核心先行,P0,月度；季频指标按实际披露日生效,2020-01-01,待采集,请按评分口径复核最新值、日期和评分。,第三方/公司数据：需授权或人工导入,否：尚未导入带生效日期的历史观测
计算机,计算机|3-AI服务器出货量,先行,3-AI服务器出货量,0.13,IDC,采用季调同比+3个月环比；单月值用3个月移动均值过滤。,核心先行,P0,月度；季频指标按实际披露日生效,2020-01-01,待采集,请按评分口径复核最新值、日期和评分。,来源待核验,否：尚未导入带生效日期的历史观测
计算机,计算机|4-软件业收入增速,先行,4-软件业收入增速,0.1,工信部,采用季调同比+3个月环比；单月值用3个月移动均值过滤。,核心先行,P0,月度；季频指标按实际披露日生效,2020-01-01,待采集,请按评分口径复核最新值、日期和评分。,公开官方源：待开发历史抓取与时点校验,否：尚未导入带生效日期的历史观测
轻工制造,轻工制造|1-纸浆价格变化,先行,1-纸浆价格变化,0.1333,针叶浆/阔叶浆,改为5年滚动分位(P20/P40/P60/P80)+3个月动量；须与库存、价差或利润交叉确认。,核心先行,P0,月度；季频指标按实际披露日生效,2020-01-01,待采集,请按评分口径复核最新值、日期和评分。,来源待核验,否：尚未导入带生效日期的历史观测
轻工制造,轻工制造|2-木材价格变化,先行,2-木材价格变化,0.0889,木材指数,改为5年滚动分位(P20/P40/P60/P80)+3个月动量；须与库存、价差或利润交叉确认。,核心先行,P0,月度；季频指标按实际披露日生效,2020-01-01,待采集,请按评分口径复核最新值、日期和评分。,第三方/公司数据：需授权或人工导入,否：尚未导入带生效日期的历史观测
轻工制造,轻工制造|3-房地产竣工面积增速,先行,3-房地产竣工面积增速,0.1067,国家统计局,采用5年滚动分位+同比/环比双阈值；数据滞后超过一个频率周期时自动降权。,核心先行,P0,月度；季频指标按实际披露日生效,2020-01-01,待采集,请按评分口径复核最新值、日期和评分。,公开官方源：待开发历史抓取与时点校验,否：尚未导入带生效日期的历史观测
轻工制造,轻工制造|4-美国新房销售,先行,4-美国新房销售,0.0711,美国商务部,采用5年滚动分位+同比/环比双阈值；数据滞后超过一个频率周期时自动降权。,核心先行,P0,月度；季频指标按实际披露日生效,2020-01-01,待采集,请按评分口径复核最新值、日期和评分。,公开官方源：待开发历史抓取与时点校验,否：尚未导入带生效日期的历史观测
通信,通信|1-5G基站建设进度,先行,1-5G基站建设进度,0.1667,工信部,采用5年滚动分位+同比/环比双阈值；数据滞后超过一个频率周期时自动降权。,核心先行,P0,月度；季频指标按实际披露日生效,2020-01-01,待采集,请按评分口径复核最新值、日期和评分。,公开官方源：待开发历史抓取与时点校验,否：尚未导入带生效日期的历史观测
通信,通信|2-运营商资本开支,先行,2-运营商资本开支,0.1333,三大运营商,采用5年滚动分位+同比/环比双阈值；数据滞后超过一个频率周期时自动降权。,核心先行,P0,月度；季频指标按实际披露日生效,2020-01-01,待采集,请按评分口径复核最新值、日期和评分。,来源待核验,否：尚未导入带生效日期的历史观测
通信,通信|3-光模块出货量,先行,3-光模块出货量,0.1111,LightCounting,采用季调同比+3个月环比；单月值用3个月移动均值过滤。,核心先行,P0,月度；季频指标按实际披露日生效,2020-01-01,待采集,请按评分口径复核最新值、日期和评分。,来源待核验,否：尚未导入带生效日期的历史观测
通信,通信|4-数据中心建设规模,先行,4-数据中心建设规模,0.0889,工信部,采用5年滚动分位+同比/环比双阈值；数据滞后超过一个频率周期时自动降权。,核心先行,P0,月度；季频指标按实际披露日生效,2020-01-01,待采集,请按评分口径复核最新值、日期和评分。,公开官方源：待开发历史抓取与时点校验,否：尚未导入带生效日期的历史观测
钢铁,钢铁|1-铁矿石价格变化,先行,1-铁矿石价格变化,0.15,普氏62%指数,改为5年滚动分位(P20/P40/P60/P80)+3个月动量；须与库存、价差或利润交叉确认。,核心先行,P0,月度；季频指标按实际披露日生效,2020-01-01,待采集,请按评分口径复核最新值、日期和评分。,来源待核验,否：尚未导入带生效日期的历史观测
钢铁,钢铁|2-焦煤价格变化,先行,2-焦煤价格变化,0.12,CCI指数,改为5年滚动分位(P20/P40/P60/P80)+3个月动量；须与库存、价差或利润交叉确认。,核心先行,P0,月度；季频指标按实际披露日生效,2020-01-01,待采集,请按评分口径复核最新值、日期和评分。,来源待核验,否：尚未导入带生效日期的历史观测
钢铁,钢铁|3-高炉开工率,先行,3-高炉开工率,0.13,Mysteel,采用5年滚动分位+同比/环比双阈值；数据滞后超过一个频率周期时自动降权。,核心先行,P0,月度；季频指标按实际披露日生效,2020-01-01,待采集,请按评分口径复核最新值、日期和评分。,第三方/公司数据：需授权或人工导入,否：尚未导入带生效日期的历史观测
钢铁,钢铁|4-钢材社会库存变化,先行,4-钢材社会库存变化,0.1,Mysteel,采用同比、环比、历史分位三维评分；按去库/改善方向计分。,核心先行,P0,月度；季频指标按实际披露日生效,2020-01-01,待采集,请按评分口径复核最新值、日期和评分。,第三方/公司数据：需授权或人工导入,否：尚未导入带生效日期的历史观测
银行,银行|1-社融规模增速,先行,1-社融规模增速,0.1,央行,采用5年滚动分位+同比/环比双阈值；数据滞后超过一个频率周期时自动降权。,核心先行,P0,月度；季频指标按实际披露日生效,2020-01-01,待采集,请按评分口径复核最新值、日期和评分。,公开官方源：待开发历史抓取与时点校验,否：尚未导入带生效日期的历史观测
银行,银行|2-M2增速,先行,2-M2增速,0.08,央行,采用5年滚动分位+同比/环比双阈值；数据滞后超过一个频率周期时自动降权。,核心先行,P0,月度；季频指标按实际披露日生效,2020-01-01,待采集,请按评分口径复核最新值、日期和评分。,公开官方源：待开发历史抓取与时点校验,否：尚未导入带生效日期的历史观测
银行,银行|3-10年期国债收益率,先行,3-10年期国债收益率,0.0667,中债登,采用5年滚动分位+同比/环比双阈值；数据滞后超过一个频率周期时自动降权。,核心先行,P0,月度；季频指标按实际披露日生效,2020-01-01,待采集,请按评分口径复核最新值、日期和评分。,来源待核验,否：尚未导入带生效日期的历史观测
银行,银行|4-LPR利率变化,先行,4-LPR利率变化,0.0533,央行,改为5年滚动分位(P20/P40/P60/P80)+3个月动量；须与库存、价差或利润交叉确认。,核心先行,P0,月度；季频指标按实际披露日生效,2020-01-01,待采集,请按评分口径复核最新值、日期和评分。,公开官方源：待开发历史抓取与时点校验,否：尚未导入带生效日期的历史观测
非银金融,非银金融|1-A股日均成交额,先行,1-A股日均成交额,0.1167,交易所,采用5年滚动分位+同比/环比双阈值；数据滞后超过一个频率周期时自动降权。,核心先行,P0,月度；季频指标按实际披露日生效,2020-01-01,待采集,请按评分口径复核最新值、日期和评分。,公开官方源：待开发历史抓取与时点校验,否：尚未导入带生效日期的历史观测
非银金融,非银金融|2-两融余额变化,先行,2-两融余额变化,0.0933,交易所,采用5年滚动分位+同比/环比双阈值；数据滞后超过一个频率周期时自动降权。,核心先行,P0,月度；季频指标按实际披露日生效,2020-01-01,待采集,请按评分口径复核最新值、日期和评分。,公开官方源：待开发历史抓取与时点校验,否：尚未导入带生效日期的历史观测
非银金融,非银金融|3-新成立基金规模,先行,3-新成立基金规模,0.0778,中基协,采用5年滚动分位+同比/环比双阈值；数据滞后超过一个频率周期时自动降权。,核心先行,P0,月度；季频指标按实际披露日生效,2020-01-01,待采集,请按评分口径复核最新值、日期和评分。,来源待核验,否：尚未导入带生效日期的历史观测
非银金融,非银金融|4-IPO/再融资规模,先行,4-IPO/再融资规模,0.0622,证监会,滚动3M/4Q同比；以交付、收入或现金流确认，政策/规划单项权重≤8%。,核心先行,P0,月度；季频指标按实际披露日生效,2020-01-01,待采集,请按评分口径复核最新值、日期和评分。,来源待核验,否：尚未导入带生效日期的历史观测
食品饮料,食品饮料|1-粮食价格变化,先行,1-粮食价格变化,0.08,农业农村部,改为5年滚动分位(P20/P40/P60/P80)+3个月动量；须与库存、价差或利润交叉确认。,核心先行,P0,月度；季频指标按实际披露日生效,2020-01-01,待采集,请按评分口径复核最新值、日期和评分。,公开官方源：待开发历史抓取与时点校验,否：尚未导入带生效日期的历史观测
食品饮料,食品饮料|2-包材价格变化,先行,2-包材价格变化,0.0667,生意社,改为5年滚动分位(P20/P40/P60/P80)+3个月动量；须与库存、价差或利润交叉确认。,核心先行,P0,月度；季频指标按实际披露日生效,2020-01-01,待采集,请按评分口径复核最新值、日期和评分。,来源待核验,否：尚未导入带生效日期的历史观测
食品饮料,食品饮料|3-消费者信心指数,先行,3-消费者信心指数,0.0867,国家统计局,采用5年滚动分位+同比/环比双阈值；数据滞后超过一个频率周期时自动降权。,核心先行,P0,月度；季频指标按实际披露日生效,2020-01-01,待采集,请按评分口径复核最新值、日期和评分。,公开官方源：待开发历史抓取与时点校验,否：尚未导入带生效日期的历史观测
食品饮料,食品饮料|4-社会消费品零售总额增速,先行,4-社会消费品零售总额增速,0.0667,国家统计局,采用季调同比+3个月环比；单月值用3个月移动均值过滤。,核心先行,P0,月度；季频指标按实际披露日生效,2020-01-01,待采集,请按评分口径复核最新值、日期和评分。,公开官方源：待开发历史抓取与时点校验,否：尚未导入带生效日期的历史观测
