指标键,生效日期,数据截止日,指标评分,来源,来源优先级,评分版本,备注
综合|2-制造业PMI,2008-01-01,2008-01-01,7.5,国家统计局/制造业PMI,10,v3-公开初版,发布日期已抽样核验；5年滚动分位评分
综合|2-制造业PMI,2008-02-01,2008-02-01,2.945945945945946,国家统计局/制造业PMI,10,v3-公开初版,发布日期已抽样核验；5年滚动分位评分
综合|2-制造业PMI,2008-03-01,2008-03-01,4.078947368421053,国家统计局/制造业PMI,10,v3-公开初版,发布日期已抽样核验；5年滚动分位评分
综合|2-制造业PMI,2008-04-01,2008-04-01,9.769230769230768,国家统计局/制造业PMI,10,v3-公开初版,发布日期已抽样核验；5年滚动分位评分
综合|2-制造业PMI,2008-05-01,2008-05-01,10.0,国家统计局/制造业PMI,10,v3-公开初版,发布日期已抽样核验；5年滚动分位评分
综合|2-制造业PMI,2008-06-01,2008-06-01,3.74390243902439,国家统计局/制造业PMI,10,v3-公开初版,发布日期已抽样核验；5年滚动分位评分
综合|2-制造业PMI,2008-07-01,2008-07-01,1.6428571428571428,国家统计局/制造业PMI,10,v3-公开初版,发布日期已抽样核验；5年滚动分位评分
综合|2-制造业PMI,2008-08-01,2008-08-01,1.2093023255813953,国家统计局/制造业PMI,10,v3-公开初版,发布日期已抽样核验；5年滚动分位评分
综合|2-制造业PMI,2008-09-01,2008-09-01,1.3068181818181817,国家统计局/制造业PMI,10,v3-公开初版,发布日期已抽样核验；5年滚动分位评分
综合|2-制造业PMI,2008-10-01,2008-10-01,1.8,国家统计局/制造业PMI,10,v3-公开初版,发布日期已抽样核验；5年滚动分位评分
综合|2-制造业PMI,2008-11-01,2008-11-01,1.1956521739130435,国家统计局/制造业PMI,10,v3-公开初版,发布日期已抽样核验；5年滚动分位评分
综合|2-制造业PMI,2008-12-01,2008-12-01,1.1914893617021276,国家统计局/制造业PMI,10,v3-公开初版,发布日期已抽样核验；5年滚动分位评分
综合|2-制造业PMI,2009-01-01,2009-01-01,1.375,国家统计局/制造业PMI,10,v3-公开初版,发布日期已抽样核验；5年滚动分位评分
综合|2-制造业PMI,2009-02-01,2009-02-01,1.7346938775510203,国家统计局/制造业PMI,10,v3-公开初版,发布日期已抽样核验；5年滚动分位评分
综合|2-制造业PMI,2009-03-01,2009-03-01,2.2600000000000002,国家统计局/制造业PMI,10,v3-公开初版,发布日期已抽样核验；5年滚动分位评分
综合|2-制造业PMI,2009-04-01,2009-04-01,3.5588235294117645,国家统计局/制造业PMI,10,v3-公开初版,发布日期已抽样核验；5年滚动分位评分
综合|2-制造业PMI,2009-05-01,2009-05-01,5.326923076923077,国家统计局/制造业PMI,10,v3-公开初版,发布日期已抽样核验；5年滚动分位评分
综合|2-制造业PMI,2009-06-01,2009-06-01,4.39622641509434,国家统计局/制造业PMI,10,v3-公开初版,发布日期已抽样核验；5年滚动分位评分
综合|2-制造业PMI,2009-07-01,2009-07-01,4.75,国家统计局/制造业PMI,10,v3-公开初版,发布日期已抽样核验；5年滚动分位评分
综合|2-制造业PMI,2009-08-01,2009-08-01,5.090909090909091,国家统计局/制造业PMI,10,v3-公开初版,发布日期已抽样核验；5年滚动分位评分
综合|2-制造业PMI,2009-09-01,2009-09-01,5.741071428571429,国家统计局/制造业PMI,10,v3-公开初版,发布日期已抽样核验；5年滚动分位评分
综合|2-制造业PMI,2009-10-01,2009-10-01,6.447368421052632,国家统计局/制造业PMI,10,v3-公开初版,发布日期已抽样核验；5年滚动分位评分
综合|2-制造业PMI,2009-11-01,2009-11-01,7.827586206896552,国家统计局/制造业PMI,10,v3-公开初版,发布日期已抽样核验；5年滚动分位评分
综合|2-制造业PMI,2009-12-01,2009-12-01,7.788135593220339,国家统计局/制造业PMI,10,v3-公开初版,发布日期已抽样核验；5年滚动分位评分
综合|2-制造业PMI,2010-01-01,2010-01-01,8.95,国家统计局/制造业PMI,10,v3-公开初版,发布日期已抽样核验；5年滚动分位评分
综合|2-制造业PMI,2010-02-01,2010-02-01,8.5,国家统计局/制造业PMI,10,v3-公开初版,发布日期已抽样核验；5年滚动分位评分
综合|2-制造业PMI,2010-03-01,2010-03-01,2.725,国家统计局/制造业PMI,10,v3-公开初版,发布日期已抽样核验；5年滚动分位评分
综合|2-制造业PMI,2010-04-01,2010-04-01,7.3,国家统计局/制造业PMI,10,v3-公开初版,发布日期已抽样核验；5年滚动分位评分
综合|2-制造业PMI,2010-05-01,2010-05-01,8.575,国家统计局/制造业PMI,10,v3-公开初版,发布日期已抽样核验；5年滚动分位评分
综合|2-制造业PMI,2010-06-01,2010-06-01,5.35,国家统计局/制造业PMI,10,v3-公开初版,发布日期已抽样核验；5年滚动分位评分
综合|2-制造业PMI,2010-07-01,2010-07-01,2.95,国家统计局/制造业PMI,10,v3-公开初版,发布日期已抽样核验；5年滚动分位评分
综合|2-制造业PMI,2010-08-01,2010-08-01,2.275,国家统计局/制造业PMI,10,v3-公开初版,发布日期已抽样核验；5年滚动分位评分
综合|2-制造业PMI,2010-09-01,2010-09-01,2.5,国家统计局/制造业PMI,10,v3-公开初版,发布日期已抽样核验；5年滚动分位评分
综合|2-制造业PMI,2010-10-01,2010-10-01,5.35,国家统计局/制造业PMI,10,v3-公开初版,发布日期已抽样核验；5年滚动分位评分
综合|2-制造业PMI,2010-11-01,2010-11-01,6.775,国家统计局/制造业PMI,10,v3-公开初版,发布日期已抽样核验；5年滚动分位评分
综合|2-制造业PMI,2010-12-01,2010-12-01,7.6,国家统计局/制造业PMI,10,v3-公开初版,发布日期已抽样核验；5年滚动分位评分
综合|2-制造业PMI,2011-01-01,2011-01-01,5.574999999999999,国家统计局/制造业PMI,10,v3-公开初版,发布日期已抽样核验；5年滚动分位评分
综合|2-制造业PMI,2011-02-01,2011-02-01,3.55,国家统计局/制造业PMI,10,v3-公开初版,发布日期已抽样核验；5年滚动分位评分
综合|2-制造业PMI,2011-03-01,2011-03-01,3.1,国家统计局/制造业PMI,10,v3-公开初版,发布日期已抽样核验；5年滚动分位评分
综合|2-制造业PMI,2011-04-01,2011-04-01,5.125,国家统计局/制造业PMI,10,v3-公开初版,发布日期已抽样核验；5年滚动分位评分
综合|2-制造业PMI,2011-05-01,2011-05-01,3.625,国家统计局/制造业PMI,10,v3-公开初版,发布日期已抽样核验；5年滚动分位评分
综合|2-制造业PMI,2011-06-01,2011-06-01,2.8,国家统计局/制造业PMI,10,v3-公开初版,发布日期已抽样核验；5年滚动分位评分
综合|2-制造业PMI,2011-07-01,2011-07-01,2.2,国家统计局/制造业PMI,10,v3-公开初版,发布日期已抽样核验；5年滚动分位评分
综合|2-制造业PMI,2011-08-01,2011-08-01,2.2,国家统计局/制造业PMI,10,v3-公开初版,发布日期已抽样核验；5年滚动分位评分
综合|2-制造业PMI,2011-09-01,2011-09-01,2.425,国家统计局/制造业PMI,10,v3-公开初版,发布日期已抽样核验；5年滚动分位评分
综合|2-制造业PMI,2011-10-01,2011-10-01,2.8,国家统计局/制造业PMI,10,v3-公开初版,发布日期已抽样核验；5年滚动分位评分
综合|2-制造业PMI,2011-11-01,2011-11-01,2.2,国家统计局/制造业PMI,10,v3-公开初版,发布日期已抽样核验；5年滚动分位评分
综合|2-制造业PMI,2011-12-01,2011-12-01,2.125,国家统计局/制造业PMI,10,v3-公开初版,发布日期已抽样核验；5年滚动分位评分
综合|2-制造业PMI,2012-01-01,2012-01-01,2.3499999999999996,国家统计局/制造业PMI,10,v3-公开初版,发布日期已抽样核验；5年滚动分位评分
综合|2-制造业PMI,2012-02-01,2012-02-01,2.65,国家统计局/制造业PMI,10,v3-公开初版,发布日期已抽样核验；5年滚动分位评分
综合|2-制造业PMI,2012-03-01,2012-03-01,3.25,国家统计局/制造业PMI,10,v3-公开初版,发布日期已抽样核验；5年滚动分位评分
综合|2-制造业PMI,2012-04-01,2012-04-01,5.425,国家统计局/制造业PMI,10,v3-公开初版,发布日期已抽样核验；5年滚动分位评分
综合|2-制造业PMI,2012-05-01,2012-05-01,6.175,国家统计局/制造业PMI,10,v3-公开初版,发布日期已抽样核验；5年滚动分位评分
综合|2-制造业PMI,2012-06-01,2012-06-01,2.575,国家统计局/制造业PMI,10,v3-公开初版,发布日期已抽样核验；5年滚动分位评分
综合|2-制造业PMI,2012-07-01,2012-07-01,2.3499999999999996,国家统计局/制造业PMI,10,v3-公开初版,发布日期已抽样核验；5年滚动分位评分
综合|2-制造业PMI,2012-08-01,2012-08-01,2.3499999999999996,国家统计局/制造业PMI,10,v3-公开初版,发布日期已抽样核验；5年滚动分位评分
综合|2-制造业PMI,2012-09-01,2012-09-01,2.3499999999999996,国家统计局/制造业PMI,10,v3-公开初版,发布日期已抽样核验；5年滚动分位评分
综合|2-制造业PMI,2012-10-01,2012-10-01,2.5,国家统计局/制造业PMI,10,v3-公开初版,发布日期已抽样核验；5年滚动分位评分
综合|2-制造业PMI,2012-11-01,2012-11-01,2.875,国家统计局/制造业PMI,10,v3-公开初版,发布日期已抽样核验；5年滚动分位评分
综合|2-制造业PMI,2012-12-01,2012-12-01,3.6999999999999997,国家统计局/制造业PMI,10,v3-公开初版,发布日期已抽样核验；5年滚动分位评分
综合|2-制造业PMI,2013-01-01,2013-01-01,3.7750000000000004,国家统计局/制造业PMI,10,v3-公开初版,发布日期已抽样核验；5年滚动分位评分
综合|2-制造业PMI,2013-02-01,2013-02-01,3.4,国家统计局/制造业PMI,10,v3-公开初版,发布日期已抽样核验；5年滚动分位评分
综合|2-制造业PMI,2013-03-01,2013-03-01,2.725,国家统计局/制造业PMI,10,v3-公开初版,发布日期已抽样核验；5年滚动分位评分
综合|2-制造业PMI,2013-04-01,2013-04-01,4.6,国家统计局/制造业PMI,10,v3-公开初版,发布日期已抽样核验；5年滚动分位评分
综合|2-制造业PMI,2013-05-01,2013-05-01,4.15,国家统计局/制造业PMI,10,v3-公开初版,发布日期已抽样核验；5年滚动分位评分
综合|2-制造业PMI,2013-06-01,2013-06-01,4.6,国家统计局/制造业PMI,10,v3-公开初版,发布日期已抽样核验；5年滚动分位评分
综合|2-制造业PMI,2013-07-01,2013-07-01,2.8,国家统计局/制造业PMI,10,v3-公开初版,发布日期已抽样核验；5年滚动分位评分
综合|2-制造业PMI,2013-08-01,2013-08-01,3.325,国家统计局/制造业PMI,10,v3-公开初版,发布日期已抽样核验；5年滚动分位评分
综合|2-制造业PMI,2013-09-01,2013-09-01,5.2749999999999995,国家统计局/制造业PMI,10,v3-公开初版,发布日期已抽样核验；5年滚动分位评分
综合|2-制造业PMI,2013-10-01,2013-10-01,5.5,国家统计局/制造业PMI,10,v3-公开初版,发布日期已抽样核验；5年滚动分位评分
综合|2-制造业PMI,2013-11-01,2013-11-01,5.8,国家统计局/制造业PMI,10,v3-公开初版,发布日期已抽样核验；5年滚动分位评分
综合|2-制造业PMI,2013-12-01,2013-12-01,5.7250000000000005,国家统计局/制造业PMI,10,v3-公开初版,发布日期已抽样核验；5年滚动分位评分
综合|2-制造业PMI,2014-01-01,2014-01-01,4.9,国家统计局/制造业PMI,10,v3-公开初版,发布日期已抽样核验；5年滚动分位评分
综合|2-制造业PMI,2014-02-01,2014-02-01,3.325,国家统计局/制造业PMI,10,v3-公开初版,发布日期已抽样核验；5年滚动分位评分
综合|2-制造业PMI,2014-03-01,2014-03-01,2.2,国家统计局/制造业PMI,10,v3-公开初版,发布日期已抽样核验；5年滚动分位评分
综合|2-制造业PMI,2014-04-01,2014-04-01,2.65,国家统计局/制造业PMI,10,v3-公开初版,发布日期已抽样核验；5年滚动分位评分
综合|2-制造业PMI,2014-05-01,2014-05-01,3.175,国家统计局/制造业PMI,10,v3-公开初版,发布日期已抽样核验；5年滚动分位评分
综合|2-制造业PMI,2014-06-01,2014-06-01,4.525,国家统计局/制造业PMI,10,v3-公开初版,发布日期已抽样核验；5年滚动分位评分
综合|2-制造业PMI,2014-07-01,2014-07-01,5.425,国家统计局/制造业PMI,10,v3-公开初版,发布日期已抽样核验；5年滚动分位评分
综合|2-制造业PMI,2014-08-01,2014-08-01,6.625,国家统计局/制造业PMI,10,v3-公开初版,发布日期已抽样核验；5年滚动分位评分
综合|2-制造业PMI,2014-09-01,2014-09-01,5.875,国家统计局/制造业PMI,10,v3-公开初版,发布日期已抽样核验；5年滚动分位评分
综合|2-制造业PMI,2014-10-01,2014-10-01,5.95,国家统计局/制造业PMI,10,v3-公开初版,发布日期已抽样核验；5年滚动分位评分
综合|2-制造业PMI,2014-11-01,2014-11-01,4.6,国家统计局/制造业PMI,10,v3-公开初版,发布日期已抽样核验；5年滚动分位评分
综合|2-制造业PMI,2014-12-01,2014-12-01,2.725,国家统计局/制造业PMI,10,v3-公开初版,发布日期已抽样核验；5年滚动分位评分
综合|2-制造业PMI,2015-01-01,2015-01-01,1.825,国家统计局/制造业PMI,10,v3-公开初版,发布日期已抽样核验；5年滚动分位评分
综合|2-制造业PMI,2015-02-01,2015-02-01,1.525,国家统计局/制造业PMI,10,v3-公开初版,发布日期已抽样核验；5年滚动分位评分
综合|2-制造业PMI,2015-03-01,2015-03-01,1.75,国家统计局/制造业PMI,10,v3-公开初版,发布日期已抽样核验；5年滚动分位评分
综合|2-制造业PMI,2015-04-01,2015-04-01,2.2,国家统计局/制造业PMI,10,v3-公开初版,发布日期已抽样核验；5年滚动分位评分
综合|2-制造业PMI,2015-05-01,2015-05-01,2.275,国家统计局/制造业PMI,10,v3-公开初版,发布日期已抽样核验；5年滚动分位评分
综合|2-制造业PMI,2015-06-01,2015-06-01,3.025,国家统计局/制造业PMI,10,v3-公开初版,发布日期已抽样核验；5年滚动分位评分
综合|2-制造业PMI,2015-07-01,2015-07-01,3.1,国家统计局/制造业PMI,10,v3-公开初版,发布日期已抽样核验；5年滚动分位评分
综合|2-制造业PMI,2015-08-01,2015-08-01,1.9,国家统计局/制造业PMI,10,v3-公开初版,发布日期已抽样核验；5年滚动分位评分
综合|2-制造业PMI,2015-09-01,2015-09-01,1.45,国家统计局/制造业PMI,10,v3-公开初版,发布日期已抽样核验；5年滚动分位评分
综合|2-制造业PMI,2015-10-01,2015-10-01,1.75,国家统计局/制造业PMI,10,v3-公开初版,发布日期已抽样核验；5年滚动分位评分
综合|2-制造业PMI,2015-11-01,2015-11-01,1.825,国家统计局/制造业PMI,10,v3-公开初版,发布日期已抽样核验；5年滚动分位评分
综合|2-制造业PMI,2015-12-01,2015-12-01,1.45,国家统计局/制造业PMI,10,v3-公开初版,发布日期已抽样核验；5年滚动分位评分
综合|2-制造业PMI,2016-01-01,2016-01-01,1.6749999999999998,国家统计局/制造业PMI,10,v3-公开初版,发布日期已抽样核验；5年滚动分位评分
综合|2-制造业PMI,2016-02-01,2016-02-01,1.45,国家统计局/制造业PMI,10,v3-公开初版,发布日期已抽样核验；5年滚动分位评分
综合|2-制造业PMI,2016-03-01,2016-03-01,1.225,国家统计局/制造业PMI,10,v3-公开初版,发布日期已抽样核验；5年滚动分位评分
综合|2-制造业PMI,2016-04-01,2016-04-01,4.375,国家统计局/制造业PMI,10,v3-公开初版,发布日期已抽样核验；5年滚动分位评分
综合|2-制造业PMI,2016-05-01,2016-05-01,3.55,国家统计局/制造业PMI,10,v3-公开初版,发布日期已抽样核验；5年滚动分位评分
综合|2-制造业PMI,2016-06-01,2016-06-01,3.625,国家统计局/制造业PMI,10,v3-公开初版,发布日期已抽样核验；5年滚动分位评分
综合|2-制造业PMI,2016-07-01,2016-07-01,3.025,国家统计局/制造业PMI,10,v3-公开初版,发布日期已抽样核验；5年滚动分位评分
综合|2-制造业PMI,2016-08-01,2016-08-01,2.875,国家统计局/制造业PMI,10,v3-公开初版,发布日期已抽样核验；5年滚动分位评分
综合|2-制造业PMI,2016-09-01,2016-09-01,6.3999999999999995,国家统计局/制造业PMI,10,v3-公开初版,发布日期已抽样核验；5年滚动分位评分
综合|2-制造业PMI,2016-10-01,2016-10-01,6.475,国家统计局/制造业PMI,10,v3-公开初版,发布日期已抽样核验；5年滚动分位评分
综合|2-制造业PMI,2016-11-01,2016-11-01,9.25,国家统计局/制造业PMI,10,v3-公开初版,发布日期已抽样核验；5年滚动分位评分
综合|2-制造业PMI,2016-12-01,2016-12-01,9.625,国家统计局/制造业PMI,10,v3-公开初版,发布日期已抽样核验；5年滚动分位评分
综合|2-制造业PMI,2017-01-01,2017-01-01,9.25,国家统计局/制造业PMI,10,v3-公开初版,发布日期已抽样核验；5年滚动分位评分
综合|2-制造业PMI,2017-02-01,2017-02-01,8.95,国家统计局/制造业PMI,10,v3-公开初版,发布日期已抽样核验；5年滚动分位评分
综合|2-制造业PMI,2017-03-01,2017-03-01,9.4,国家统计局/制造业PMI,10,v3-公开初版,发布日期已抽样核验；5年滚动分位评分
综合|2-制造业PMI,2017-03-31,2017-03-31,9.85,国家统计局/制造业PMI,10,v3-公开初版,发布日期已抽样核验；5年滚动分位评分
综合|2-制造业PMI,2017-04-30,2017-04-30,8.725,国家统计局/制造业PMI,10,v3-公开初版,发布日期已抽样核验；5年滚动分位评分
综合|2-制造业PMI,2017-05-31,2017-05-31,8.649999999999999,国家统计局/制造业PMI,10,v3-公开初版,发布日期已抽样核验；5年滚动分位评分
综合|2-制造业PMI,2017-06-30,2017-06-30,9.7,国家统计局/制造业PMI,10,v3-公开初版,发布日期已抽样核验；5年滚动分位评分
综合|2-制造业PMI,2017-07-31,2017-07-31,9.025,国家统计局/制造业PMI,10,v3-公开初版,发布日期已抽样核验；5年滚动分位评分
综合|2-制造业PMI,2017-08-31,2017-08-31,9.625,国家统计局/制造业PMI,10,v3-公开初版,发布日期已抽样核验；5年滚动分位评分
综合|2-制造业PMI,2017-09-30,2017-09-30,10.0,国家统计局/制造业PMI,10,v3-公开初版,发布日期已抽样核验；5年滚动分位评分
综合|2-制造业PMI,2017-10-31,2017-10-31,9.025,国家统计局/制造业PMI,10,v3-公开初版,发布日期已抽样核验；5年滚动分位评分
综合|2-制造业PMI,2017-11-30,2017-11-30,9.775,国家统计局/制造业PMI,10,v3-公开初版,发布日期已抽样核验；5年滚动分位评分
综合|2-制造业PMI,2017-12-31,2017-12-31,8.8,国家统计局/制造业PMI,10,v3-公开初版,发布日期已抽样核验；5年滚动分位评分
综合|2-制造业PMI,2018-01-31,2018-01-31,7.824999999999999,国家统计局/制造业PMI,10,v3-公开初版,发布日期已抽样核验；5年滚动分位评分
综合|2-制造业PMI,2018-02-28,2018-02-28,4.675,国家统计局/制造业PMI,10,v3-公开初版,发布日期已抽样核验；5年滚动分位评分
综合|2-制造业PMI,2018-03-31,2018-03-31,8.5,国家统计局/制造业PMI,10,v3-公开初版,发布日期已抽样核验；5年滚动分位评分
综合|2-制造业PMI,2018-04-30,2018-04-30,8.05,国家统计局/制造业PMI,10,v3-公开初版,发布日期已抽样核验；5年滚动分位评分
综合|2-制造业PMI,2018-05-31,2018-05-31,9.85,国家统计局/制造业PMI,10,v3-公开初版,发布日期已抽样核验；5年滚动分位评分
综合|2-制造业PMI,2018-06-30,2018-06-30,8.275,国家统计局/制造业PMI,10,v3-公开初版,发布日期已抽样核验；5年滚动分位评分
综合|2-制造业PMI,2018-07-31,2018-07-31,6.775,国家统计局/制造业PMI,10,v3-公开初版,发布日期已抽样核验；5年滚动分位评分
综合|2-制造业PMI,2018-08-31,2018-08-31,7.15,国家统计局/制造业PMI,10,v3-公开初版,发布日期已抽样核验；5年滚动分位评分
综合|2-制造业PMI,2018-09-30,2018-09-30,5.5,国家统计局/制造业PMI,10,v3-公开初版,发布日期已抽样核验；5年滚动分位评分
综合|2-制造业PMI,2018-10-31,2018-10-31,4.0,国家统计局/制造业PMI,10,v3-公开初版,发布日期已抽样核验；5年滚动分位评分
综合|2-制造业PMI,2018-11-30,2018-11-30,2.8,国家统计局/制造业PMI,10,v3-公开初版,发布日期已抽样核验；5年滚动分位评分
综合|2-制造业PMI,2018-12-31,2018-12-31,1.375,国家统计局/制造业PMI,10,v3-公开初版,发布日期已抽样核验；5年滚动分位评分
综合|2-制造业PMI,2019-01-31,2019-01-31,1.6,国家统计局/制造业PMI,10,v3-公开初版,发布日期已抽样核验；5年滚动分位评分
综合|2-制造业PMI,2019-02-28,2019-02-28,1.3,国家统计局/制造业PMI,10,v3-公开初版,发布日期已抽样核验；5年滚动分位评分
综合|2-制造业PMI,2019-03-31,2019-03-31,5.65,国家统计局/制造业PMI,10,v3-公开初版,发布日期已抽样核验；5年滚动分位评分
综合|2-制造业PMI,2019-04-30,2019-04-30,3.9250000000000003,国家统计局/制造业PMI,10,v3-公开初版,发布日期已抽样核验；5年滚动分位评分
综合|2-制造业PMI,2019-05-31,2019-05-31,1.6,国家统计局/制造业PMI,10,v3-公开初版,发布日期已抽样核验；5年滚动分位评分
综合|2-制造业PMI,2019-06-30,2019-06-30,1.6749999999999998,国家统计局/制造业PMI,10,v3-公开初版,发布日期已抽样核验；5年滚动分位评分
综合|2-制造业PMI,2019-07-31,2019-07-31,2.5,国家统计局/制造业PMI,10,v3-公开初版,发布日期已抽样核验；5年滚动分位评分
综合|2-制造业PMI,2019-08-31,2019-08-31,2.125,国家统计局/制造业PMI,10,v3-公开初版,发布日期已抽样核验；5年滚动分位评分
综合|2-制造业PMI,2019-09-30,2019-09-30,3.175,国家统计局/制造业PMI,10,v3-公开初版,发布日期已抽样核验；5年滚动分位评分
综合|2-制造业PMI,2019-10-31,2019-10-31,1.45,国家统计局/制造业PMI,10,v3-公开初版,发布日期已抽样核验；5年滚动分位评分
综合|2-制造业PMI,2019-11-30,2019-11-30,5.65,国家统计局/制造业PMI,10,v3-公开初版,发布日期已抽样核验；5年滚动分位评分
综合|2-制造业PMI,2019-12-31,2019-12-31,5.574999999999999,国家统计局/制造业PMI,10,v3-公开初版,发布日期已抽样核验；5年滚动分位评分
综合|2-制造业PMI,2020-01-31,2020-01-31,4.075,国家统计局/制造业PMI,10,v3-公开初版,发布日期已抽样核验；5年滚动分位评分
综合|2-制造业PMI,2020-02-29,2020-02-29,1.15,国家统计局/制造业PMI,10,v3-公开初版,发布日期已抽样核验；5年滚动分位评分
综合|2-制造业PMI,2020-03-31,2020-03-31,9.85,国家统计局/制造业PMI,10,v3-公开初版,发布日期已抽样核验；5年滚动分位评分
综合|2-制造业PMI,2020-04-30,2020-04-30,6.475,国家统计局/制造业PMI,10,v3-公开初版,发布日期已抽样核验；5年滚动分位评分
综合|2-制造业PMI,2020-05-31,2020-05-31,6.25,国家统计局/制造业PMI,10,v3-公开初版,发布日期已抽样核验；5年滚动分位评分
综合|2-制造业PMI,2020-06-30,2020-06-30,6.550000000000001,国家统计局/制造业PMI,10,v3-公开初版,发布日期已抽样核验；5年滚动分位评分
综合|2-制造业PMI,2020-07-31,2020-07-31,6.550000000000001,国家统计局/制造业PMI,10,v3-公开初版,发布日期已抽样核验；5年滚动分位评分
综合|2-制造业PMI,2020-08-31,2020-08-31,6.3999999999999995,国家统计局/制造业PMI,10,v3-公开初版,发布日期已抽样核验；5年滚动分位评分
综合|2-制造业PMI,2020-09-30,2020-09-30,8.2,国家统计局/制造业PMI,10,v3-公开初版,发布日期已抽样核验；5年滚动分位评分
综合|2-制造业PMI,2020-10-31,2020-10-31,7.675000000000001,国家统计局/制造业PMI,10,v3-公开初版,发布日期已抽样核验；5年滚动分位评分
综合|2-制造业PMI,2020-11-30,2020-11-30,9.85,国家统计局/制造业PMI,10,v3-公开初版,发布日期已抽样核验；5年滚动分位评分
综合|2-制造业PMI,2020-12-31,2020-12-31,9.475,国家统计局/制造业PMI,10,v3-公开初版,发布日期已抽样核验；5年滚动分位评分
综合|2-制造业PMI,2021-01-31,2021-01-31,6.775,国家统计局/制造业PMI,10,v3-公开初版,发布日期已抽样核验；5年滚动分位评分
综合|2-制造业PMI,2021-02-28,2021-02-28,4.975,国家统计局/制造业PMI,10,v3-公开初版,发布日期已抽样核验；5年滚动分位评分
综合|2-制造业PMI,2021-03-31,2021-03-31,9.4,国家统计局/制造业PMI,10,v3-公开初版,发布日期已抽样核验；5年滚动分位评分
综合|2-制造业PMI,2021-04-30,2021-04-30,5.574999999999999,国家统计局/制造业PMI,10,v3-公开初版,发布日期已抽样核验；5年滚动分位评分
综合|2-制造业PMI,2021-05-31,2021-05-31,5.2749999999999995,国家统计局/制造业PMI,10,v3-公开初版,发布日期已抽样核验；5年滚动分位评分
综合|2-制造业PMI,2021-06-30,2021-06-30,4.975,国家统计局/制造业PMI,10,v3-公开初版,发布日期已抽样核验；5年滚动分位评分
综合|2-制造业PMI,2021-07-31,2021-07-31,3.8499999999999996,国家统计局/制造业PMI,10,v3-公开初版,发布日期已抽样核验；5年滚动分位评分
综合|2-制造业PMI,2021-08-31,2021-08-31,3.025,国家统计局/制造业PMI,10,v3-公开初版,发布日期已抽样核验；5年滚动分位评分
综合|2-制造业PMI,2021-09-30,2021-09-30,2.3499999999999996,国家统计局/制造业PMI,10,v3-公开初版,发布日期已抽样核验；5年滚动分位评分
综合|2-制造业PMI,2021-10-31,2021-10-31,1.375,国家统计局/制造业PMI,10,v3-公开初版,发布日期已抽样核验；5年滚动分位评分
综合|2-制造业PMI,2021-11-30,2021-11-30,3.4,国家统计局/制造业PMI,10,v3-公开初版,发布日期已抽样核验；5年滚动分位评分
综合|2-制造业PMI,2021-12-31,2021-12-31,4.225,国家统计局/制造业PMI,10,v3-公开初版,发布日期已抽样核验；5年滚动分位评分
综合|2-制造业PMI,2022-01-30,2022-01-30,3.475,国家统计局/制造业PMI,10,v3-公开初版,发布日期已抽样核验；5年滚动分位评分
综合|2-制造业PMI,2022-03-01,2022-03-01,4.075,国家统计局/制造业PMI,10,v3-公开初版,发布日期已抽样核验；5年滚动分位评分
综合|2-制造业PMI,2022-03-31,2022-03-31,2.3499999999999996,国家统计局/制造业PMI,10,v3-公开初版,发布日期已抽样核验；5年滚动分位评分
综合|2-制造业PMI,2022-04-30,2022-04-30,1.3,国家统计局/制造业PMI,10,v3-公开初版,发布日期已抽样核验；5年滚动分位评分
综合|2-制造业PMI,2022-05-31,2022-05-31,2.875,国家统计局/制造业PMI,10,v3-公开初版,发布日期已抽样核验；5年滚动分位评分
综合|2-制造业PMI,2022-06-30,2022-06-30,4.6,国家统计局/制造业PMI,10,v3-公开初版,发布日期已抽样核验；5年滚动分位评分
综合|2-制造业PMI,2022-07-31,2022-07-31,1.45,国家统计局/制造业PMI,10,v3-公开初版,发布日期已抽样核验；5年滚动分位评分
综合|2-制造业PMI,2022-08-31,2022-08-31,2.275,国家统计局/制造业PMI,10,v3-公开初版,发布日期已抽样核验；5年滚动分位评分
综合|2-制造业PMI,2022-09-30,2022-09-30,4.3,国家统计局/制造业PMI,10,v3-公开初版,发布日期已抽样核验；5年滚动分位评分
综合|2-制造业PMI,2022-10-31,2022-10-31,1.75,国家统计局/制造业PMI,10,v3-公开初版,发布日期已抽样核验；5年滚动分位评分
综合|2-制造业PMI,2022-11-30,2022-11-30,1.45,国家统计局/制造业PMI,10,v3-公开初版,发布日期已抽样核验；5年滚动分位评分
综合|2-制造业PMI,2022-12-31,2022-12-31,1.3,国家统计局/制造业PMI,10,v3-公开初版,发布日期已抽样核验；5年滚动分位评分
综合|2-制造业PMI,2023-01-31,2023-01-31,4.824999999999999,国家统计局/制造业PMI,10,v3-公开初版,发布日期已抽样核验；5年滚动分位评分
综合|2-制造业PMI,2023-03-01,2023-03-01,10.0,国家统计局/制造业PMI,10,v3-公开初版,发布日期已抽样核验；5年滚动分位评分
综合|2-制造业PMI,2023-03-31,2023-03-31,9.325000000000001,国家统计局/制造业PMI,10,v3-公开初版,发布日期已抽样核验；5年滚动分位评分
综合|2-制造业PMI,2023-04-30,2023-04-30,2.125,国家统计局/制造业PMI,10,v3-公开初版,发布日期已抽样核验；5年滚动分位评分
综合|2-制造业PMI,2023-05-31,2023-05-31,1.75,国家统计局/制造业PMI,10,v3-公开初版,发布日期已抽样核验；5年滚动分位评分
综合|2-制造业PMI,2023-06-30,2023-06-30,1.975,国家统计局/制造业PMI,10,v3-公开初版,发布日期已抽样核验；5年滚动分位评分
综合|2-制造业PMI,2023-07-31,2023-07-31,2.875,国家统计局/制造业PMI,10,v3-公开初版,发布日期已抽样核验；5年滚动分位评分
综合|2-制造业PMI,2023-08-31,2023-08-31,4.525,国家统计局/制造业PMI,10,v3-公开初版,发布日期已抽样核验；5年滚动分位评分
综合|2-制造业PMI,2023-09-30,2023-09-30,6.475,国家统计局/制造业PMI,10,v3-公开初版,发布日期已抽样核验；5年滚动分位评分
综合|2-制造业PMI,2023-10-31,2023-10-31,3.9250000000000003,国家统计局/制造业PMI,10,v3-公开初版,发布日期已抽样核验；5年滚动分位评分
综合|2-制造业PMI,2023-11-30,2023-11-30,3.4,国家统计局/制造业PMI,10,v3-公开初版,发布日期已抽样核验；5年滚动分位评分
综合|2-制造业PMI,2023-12-31,2023-12-31,2.05,国家统计局/制造业PMI,10,v3-公开初版,发布日期已抽样核验；5年滚动分位评分
综合|2-制造业PMI,2024-01-31,2024-01-31,2.65,国家统计局/制造业PMI,10,v3-公开初版,发布日期已抽样核验；5年滚动分位评分
综合|2-制造业PMI,2024-03-01,2024-03-01,2.3499999999999996,国家统计局/制造业PMI,10,v3-公开初版,发布日期已抽样核验；5年滚动分位评分
综合|2-制造业PMI,2024-03-31,2024-03-31,7.675000000000001,国家统计局/制造业PMI,10,v3-公开初版,发布日期已抽样核验；5年滚动分位评分
综合|2-制造业PMI,2024-04-30,2024-04-30,7.075,国家统计局/制造业PMI,10,v3-公开初版,发布日期已抽样核验；5年滚动分位评分
综合|2-制造业PMI,2024-05-31,2024-05-31,4.075,国家统计局/制造业PMI,10,v3-公开初版,发布日期已抽样核验；5年滚动分位评分
综合|2-制造业PMI,2024-06-30,2024-06-30,4.0,国家统计局/制造业PMI,10,v3-公开初版,发布日期已抽样核验；5年滚动分位评分
综合|2-制造业PMI,2024-07-31,2024-07-31,3.55,国家统计局/制造业PMI,10,v3-公开初版,发布日期已抽样核验；5年滚动分位评分
综合|2-制造业PMI,2024-08-31,2024-08-31,2.425,国家统计局/制造业PMI,10,v3-公开初版,发布日期已抽样核验；5年滚动分位评分
综合|2-制造业PMI,2024-09-30,2024-09-30,5.05,国家统计局/制造业PMI,10,v3-公开初版,发布日期已抽样核验；5年滚动分位评分
综合|2-制造业PMI,2024-10-31,2024-10-31,5.574999999999999,国家统计局/制造业PMI,10,v3-公开初版,发布日期已抽样核验；5年滚动分位评分
综合|2-制造业PMI,2024-11-30,2024-11-30,6.775,国家统计局/制造业PMI,10,v3-公开初版,发布日期已抽样核验；5年滚动分位评分
综合|2-制造业PMI,2024-12-31,2024-12-31,5.65,国家统计局/制造业PMI,10,v3-公开初版,发布日期已抽样核验；5年滚动分位评分
综合|2-制造业PMI,2025-01-27,2025-01-27,2.5,国家统计局/制造业PMI,10,v3-公开初版,发布日期已抽样核验；5年滚动分位评分
综合|2-制造业PMI,2025-03-01,2025-03-01,6.325,国家统计局/制造业PMI,10,v3-公开初版,发布日期已抽样核验；5年滚动分位评分
综合|2-制造业PMI,2025-03-31,2025-03-31,7.3,国家统计局/制造业PMI,10,v3-公开初版,发布日期已抽样核验；5年滚动分位评分
综合|2-制造业PMI,2025-04-30,2025-04-30,1.975,国家统计局/制造业PMI,10,v3-公开初版,发布日期已抽样核验；5年滚动分位评分
综合|2-制造业PMI,2025-05-31,2025-05-31,4.3,国家统计局/制造业PMI,10,v3-公开初版,发布日期已抽样核验；5年滚动分位评分
综合|2-制造业PMI,2025-06-30,2025-06-30,5.125,国家统计局/制造业PMI,10,v3-公开初版,发布日期已抽样核验；5年滚动分位评分
综合|2-制造业PMI,2025-07-31,2025-07-31,3.475,国家统计局/制造业PMI,10,v3-公开初版,发布日期已抽样核验；5年滚动分位评分
综合|2-制造业PMI,2025-08-31,2025-08-31,3.9250000000000003,国家统计局/制造业PMI,10,v3-公开初版,发布日期已抽样核验；5年滚动分位评分
