股票代码,评分日期,盈利质量覆盖率,成长质量覆盖率,财务健康覆盖率,估值合理性覆盖率,治理与事件风险覆盖率,盈利质量评分,成长质量评分,财务健康评分,估值合理性评分,治理与事件风险评分,总分,置信度,评分状态,硬风险,准入结论
600118,2026-07-28,0.7,0.3,1.0,0.5,0.0,1.0829,1.2517,6.4831,1.3375,0,23.7226,0.2195,数据不足,,数据不足
002532,2026-07-28,1.0,0.65,1.0,0.5,0.0,7.2233,7.5473,6.51,7.35,0,71.7591,0.3134,数据不足,,数据不足
000988,2026-07-28,1.0,0.65,1.0,0.5,0.0,5.6005,6.5999,5.7476,2.1875,0,53.4194,0.3065,数据不足,,数据不足
000657,2026-07-28,1.0,0.65,1.0,0.5,0.0,6.1641,9.3248,5.7676,2.0125,0,62.6201,0.3065,数据不足,,数据不足
301308,2026-07-28,1.0,0.3,1.0,0.5,0.0,7.0878,9.8741,4.4857,3.3188,0,66.5535,0.2732,数据不足,,数据不足
688072,2026-07-28,1.0,0.65,1.0,0.5,0.0,6.3256,9.3282,4.9622,1.3125,0,60.2116,0.31,数据不足,,数据不足
002202,2026-07-28,1.0,0.65,1.0,0.5,0.0,2.9693,5.9817,3.4597,5.075,0,42.6598,0.2995,数据不足,,数据不足
301165,2026-07-28,1.0,0.65,0.75,0.5,0.0,3.7672,5.1285,5.2997,1.2375,0,40.6427,0.2662,数据不足,,数据不足
002558,2026-07-28,1.0,0.65,0.6,0.5,0.0,7.5466,9.3121,9.2048,5.125,0,80.0191,0.2763,数据不足,,数据不足
688183,2026-07-28,1.0,0.3,1.0,0.5,0.0,7.4688,9.5594,6.2224,2.3688,0,69.2256,0.2762,数据不足,,数据不足
600221,2026-07-28,1.0,0.65,1.0,0.5,0.0,7.1455,8.3572,4.6585,4.375,0,64.6766,0.3169,数据不足,,数据不足
002602,2026-07-28,1.0,0.65,1.0,0.5,0.0,7.1772,9.4835,6.5675,5.8938,0,74.6846,0.3169,数据不足,,数据不足
002837,2026-07-28,1.0,0.65,1.0,0.5,0.0,7.1554,4.8113,4.3953,1.3312,0,49.2023,0.2856,数据不足,,数据不足
600549,2026-07-28,1.0,0.65,1.0,0.5,0.0,5.378,8.4235,5.7155,4.0438,0,60.7661,0.296,数据不足,,数据不足
688521,2026-07-28,0.7,0.3,1.0,0.5,0.0,1.3419,7.4825,3.7297,6.3562,0,44.1397,0.2406,数据不足,,数据不足
300450,2026-07-28,1.0,0.65,1.0,0.5,0.0,5.9881,3.3346,4.1342,3.8188,0,44.775,0.3134,数据不足,,数据不足
001280,2026-07-28,1.0,0.0,0.55,0.5,0.0,4.0423,0.0,5.0095,2.0875,0,38.888,0.2061,数据不足,,数据不足
002353,2026-07-28,1.0,0.65,1.0,0.5,0.0,3.5617,6.9056,4.6867,2.55,0,45.7194,0.2716,数据不足,,数据不足
601727,2026-07-28,1.0,0.65,1.0,0.5,0.0,7.1047,5.3223,3.5019,3.5125,0,52.1027,0.3169,数据不足,,数据不足
600930,2026-07-28,1.0,0.65,1.0,0.5,0.0,7.2705,4.4871,3.5055,5.2563,0,53.2492,0.2856,数据不足,,数据不足
603893,2026-07-28,1.0,0.3,0.75,0.5,0.0,7.5784,9.7168,5.4803,1.7187,0,67.2953,0.2352,数据不足,,数据不足
300476,2026-07-28,1.0,0.65,1.0,0.5,0.0,7.7844,9.5672,4.9602,2.3938,0,67.5357,0.3134,数据不足,,数据不足
600522,2026-07-28,1.0,0.65,1.0,0.5,0.0,3.5697,7.0152,6.5173,4.0625,0,52.6397,0.2995,数据不足,,数据不足
300803,2026-07-28,1.0,0.65,0.75,0.5,0.0,5.1317,8.0171,6.1081,1.2938,0,55.1052,0.2792,数据不足,,数据不足
300251,2026-07-28,1.0,0.65,0.75,0.5,0.0,7.0146,1.1503,4.692,7.5625,0,49.608,0.2695,数据不足,,数据不足
601456,2026-07-28,0.6,0.65,0.25,0.5,0.0,6.8378,8.6884,3.3437,6.1438,0,64.597,0.1965,数据不足,,数据不足
300866,2026-07-28,1.0,0.65,1.0,0.5,0.0,5.1772,8.4359,6.1257,3.4125,0,59.9907,0.3169,数据不足,,数据不足
002625,2026-07-28,1.0,0.65,0.75,0.5,0.0,3.558,7.4781,4.5453,2.0062,0,46.0769,0.2889,数据不足,,数据不足
601018,2026-07-28,1.0,0.65,1.0,0.5,0.0,2.4514,6.0268,7.3583,7.9562,0,54.5247,0.3134,数据不足,,数据不足
002384,2026-07-28,1.0,0.65,1.0,0.5,0.0,6.147,8.7842,4.5146,1.3438,0,57.1625,0.31,数据不足,,数据不足
001391,2026-07-28,1.0,0.35,0.75,0.5,0.0,4.5114,8.6573,6.6564,5.4875,0,63.0237,0.2603,数据不足,,数据不足
002600,2026-07-28,1.0,0.65,1.0,0.5,0.0,4.1052,4.8045,4.6009,3.0875,0,42.3999,0.3169,数据不足,,数据不足
301236,2026-07-28,0.7,0.3,1.0,0.5,0.0,1.5905,8.6154,4.7941,2.5188,0,44.0846,0.2274,数据不足,,数据不足
302132,2026-07-28,1.0,0.65,1.0,0.5,0.0,7.9594,9.6583,4.2126,2.6375,0,67.1172,0.3134,数据不足,,数据不足
601825,2026-07-28,0.6,0.65,0.25,0.5,0.0,6.1803,3.6145,1.6562,8.9688,0,49.27,0.1854,数据不足,,数据不足
601077,2026-07-28,0.6,0.65,0.25,0.5,0.0,4.6891,4.0257,1.5312,9.1625,0,45.4866,0.1987,数据不足,,数据不足
688047,2026-07-28,0.7,0.3,0.75,0.5,0.0,1.4302,4.8077,6.1756,6.4562,0,42.6059,0.2167,数据不足,,数据不足
601058,2026-07-28,1.0,0.65,1.0,0.5,0.0,5.6966,8.3704,4.9597,6.7125,0,64.4487,0.31,数据不足,,数据不足
600160,2026-07-28,1.0,0.65,1.0,0.5,0.0,6.5923,7.94,6.5751,3.825,0,65.0162,0.3134,数据不足,,数据不足
600482,2026-07-28,1.0,0.65,1.0,0.5,0.0,4.1971,8.4795,4.7712,4.6312,0,55.8658,0.3169,数据不足,,数据不足
601136,2026-07-28,0.6,0.65,0.25,0.5,0.0,2.8171,5.2439,3.5625,3.9688,0,38.4878,0.1987,数据不足,,数据不足
002028,2026-07-28,1.0,0.65,1.0,0.5,0.0,4.8064,8.5202,6.1098,2.775,0,57.8908,0.2995,数据不足,,数据不足
002463,2026-07-28,1.0,0.65,1.0,0.5,0.0,7.039,9.4595,5.1589,2.25,0,64.9539,0.2925,数据不足,,数据不足
600066,2026-07-28,1.0,0.65,0.75,0.5,0.0,7.3585,8.8024,6.3107,5.625,0,72.3783,0.2889,数据不足,,数据不足
000630,2026-07-28,1.0,0.65,1.0,0.5,0.0,6.2853,5.326,6.4466,4.425,0,57.4461,0.3134,数据不足,,数据不足
688506,2026-07-28,0.7,0.3,1.0,0.5,0.0,1.2858,1.8182,3.4353,6.4,0,27.6371,0.2354,数据不足,,数据不足
000975,2026-07-28,1.0,0.65,1.0,0.5,0.0,8.1252,9.2796,7.996,5.2062,0,79.3068,0.2891,数据不足,,数据不足
300502,2026-07-28,1.0,0.65,0.75,0.5,0.0,7.5121,9.8928,5.9149,1.9,0,68.831,0.276,数据不足,,数据不足
002422,2026-07-28,1.0,0.65,1.0,0.5,0.0,3.863,1.6662,7.0155,3.475,0,38.8869,0.3134,数据不足,,数据不足
300394,2026-07-28,1.0,0.65,0.75,0.5,0.0,7.3339,9.522,7.3367,1.5125,0,69.7212,0.2662,数据不足,,数据不足
300418,2026-07-28,0.7,0.3,0.75,0.5,0.0,1.3473,8.7727,6.5217,7.2938,0,55.5086,0.2167,数据不足,,数据不足
600026,2026-07-28,1.0,0.65,1.0,0.5,0.0,6.5196,7.0857,5.8422,6.3812,0,65.0324,0.31,数据不足,,数据不足
000807,2026-07-28,1.0,0.65,1.0,0.5,0.0,7.7967,8.5764,8.3561,6.8875,0,79.8606,0.296,数据不足,,数据不足
001965,2026-07-28,1.0,0.65,1.0,0.5,0.0,3.7809,5.9524,5.5032,7.1688,0,53.3145,0.2995,数据不足,,数据不足
300442,2026-07-28,1.0,0.65,1.0,0.5,0.0,5.9947,7.9815,4.3554,4.1062,0,58.6756,0.2473,数据不足,,数据不足
688009,2026-07-28,1.0,0.65,1.0,0.5,0.0,4.941,2.3285,5.3801,7.0875,0,46.7066,0.3169,数据不足,,数据不足
600027,2026-07-28,1.0,0.65,1.0,0.5,0.0,5.3659,5.237,5.034,8.15,0,57.2036,0.3134,数据不足,,数据不足
688082,2026-07-28,1.0,0.65,1.0,0.5,0.0,7.3437,6.2318,4.502,1.6688,0,54.5752,0.31,数据不足,,数据不足
600415,2026-07-28,1.0,0.65,1.0,0.5,0.0,5.5946,5.6812,6.2901,5.9438,0,58.3138,0.2925,数据不足,,数据不足
300832,2026-07-28,1.0,0.65,0.75,0.5,0.0,6.5477,5.6938,6.5237,4.2937,0,59.2951,0.2889,数据不足,,数据不足
603296,2026-07-28,1.0,0.65,1.0,0.5,0.0,5.3712,8.513,5.5516,3.4937,0,59.7111,0.3169,数据不足,,数据不足
688256,2026-07-28,1.0,0.3,0.75,0.5,0.0,7.5046,10.0,7.519,1.0562,0,71.2623,0.2578,数据不足,,数据不足
688271,2026-07-28,1.0,0.65,0.75,0.5,0.0,2.8375,5.8251,5.1119,2.95,0,41.9154,0.2922,数据不足,,数据不足
688041,2026-07-28,1.0,0.65,1.0,0.5,0.0,4.5734,9.0636,5.5642,1.1125,0,54.6403,0.2403,数据不足,,数据不足
601916,2026-07-28,0.6,0.65,0.25,0.5,0.0,4.7608,4.4836,1.0312,9.2062,0,45.9592,0.2009,数据不足,,数据不足
600515,2026-07-28,1.0,0.65,1.0,0.5,0.0,7.2959,3.9761,3.3035,3.8125,0,49.0597,0.31,数据不足,,数据不足
600938,2026-07-28,1.0,0.65,1.0,0.5,0.0,6.8571,5.1348,6.9385,7.175,0,64.4978,0.3134,数据不足,,数据不足
601059,2026-07-28,0.6,0.65,0.25,0.5,0.0,6.1201,5.7334,3.5,4.7938,0,52.0937,0.2009,数据不足,,数据不足
600372,2026-07-28,1.0,0.65,1.0,0.5,0.0,6.9044,2.3747,4.4813,4.5688,0,47.1842,0.31,数据不足,,数据不足
301269,2026-07-28,0.7,0.3,0.75,0.5,0.0,1.7214,7.7028,6.3577,6.7438,0,52.5026,0.2143,数据不足,,数据不足
600023,2026-07-28,1.0,0.65,1.0,0.5,0.0,7.2469,3.5826,5.2809,8.3312,0,59.7286,0.31,数据不足,,数据不足
300308,2026-07-28,1.0,0.65,1.0,0.5,0.0,7.7981,9.8587,7.2595,1.7188,0,72.3761,0.2716,数据不足,,数据不足
000999,2026-07-28,1.0,0.65,1.0,0.5,0.0,6.4094,4.3801,6.0883,7.0188,0,58.7591,0.2995,数据不足,,数据不足
600489,2026-07-28,1.0,0.65,1.0,0.5,0.0,6.0648,8.5624,7.1559,5.4312,0,68.9545,0.3134,数据不足,,数据不足
600875,2026-07-28,1.0,0.65,1.0,0.5,0.0,4.3468,5.1007,5.1266,5.65,0,49.4672,0.3169,数据不足,,数据不足
000617,2026-07-28,1.0,0.65,0.85,0.5,0.0,4.53,2.0951,6.4916,6.8188,0,46.7102,0.294,数据不足,,数据不足
688223,2026-07-28,0.7,0.3,1.0,0.5,0.0,1.5528,1.4406,3.3023,8.35,0,30.4326,0.2406,数据不足,,数据不足
601872,2026-07-28,1.0,0.65,1.0,0.5,0.0,6.9528,7.6186,6.0186,5.4875,0,66.8595,0.2995,数据不足,,数据不足
600233,2026-07-28,1.0,0.65,1.0,0.5,0.0,6.0008,6.7052,6.6664,6.9312,0,64.9946,0.2925,数据不足,,数据不足
601689,2026-07-28,1.0,0.65,1.0,0.5,0.0,4.4594,5.8639,6.4903,4.0125,0,52.2637,0.3169,数据不足,,数据不足
600674,2026-07-28,1.0,0.65,1.0,0.5,0.0,4.6275,5.6246,5.7551,6.2125,0,54.1924,0.2751,数据不足,,数据不足
688303,2026-07-28,0.7,0.3,0.75,0.5,0.0,1.5453,1.0315,5.9451,9.1625,0,36.4982,0.2192,数据不足,,数据不足
605117,2026-07-28,1.0,0.65,1.0,0.5,0.0,8.1225,8.2706,7.0455,3.0812,0,70.841,0.3169,数据不足,,数据不足
600039,2026-07-28,1.0,0.65,1.0,0.5,0.0,3.2291,1.7204,3.5218,7.6312,0,36.0874,0.3169,数据不足,,数据不足
600803,2026-07-28,1.0,0.65,1.0,0.5,0.0,3.5072,2.6882,7.3816,6.7812,0,46.8635,0.3169,数据不足,,数据不足
002074,2026-07-28,1.0,0.3,1.0,0.5,0.0,9.0132,7.7972,3.2302,5.6562,0,68.3084,0.2762,数据不足,,数据不足
600460,2026-07-28,1.0,0.65,1.0,0.5,0.0,3.0141,6.8523,3.8701,2.325,0,41.5565,0.3169,数据不足,,数据不足
600941,2026-07-28,1.0,0.65,1.0,0.5,0.0,5.0725,4.373,6.7859,6.8,0,55.4685,0.2856,数据不足,,数据不足
002648,2026-07-28,1.0,0.65,1.0,0.5,0.0,6.7487,7.2605,6.5599,6.2688,0,67.6893,0.2612,数据不足,,数据不足
601117,2026-07-28,1.0,0.65,1.0,0.5,0.0,3.3791,5.0268,5.8784,8.875,0,53.0816,0.31,数据不足,,数据不足
300661,2026-07-28,1.0,0.65,1.0,0.5,0.0,4.4222,9.3404,7.2503,1.6312,0,59.5167,0.3065,数据不足,,数据不足
002920,2026-07-28,1.0,0.65,1.0,0.5,0.0,6.0379,7.2297,6.4782,4.6188,0,62.3026,0.31,数据不足,,数据不足
000792,2026-07-28,1.0,0.65,1.0,0.5,0.0,7.3812,5.9061,7.0919,5.925,0,66.6448,0.3169,数据不足,,数据不足
600219,2026-07-28,1.0,0.65,0.75,0.5,0.0,4.4484,6.992,5.8019,7.7875,0,60.1223,0.2889,数据不足,,数据不足
600188,2026-07-28,1.0,0.65,1.0,0.5,0.0,5.7986,1.3541,5.2977,5.0812,0,43.3314,0.3134,数据不足,,数据不足
000408,2026-07-28,1.0,0.65,1.0,0.5,0.0,6.9884,4.3595,8.292,3.475,0,59.6225,0.2751,数据不足,,数据不足
600089,2026-07-28,1.0,0.65,1.0,0.5,0.0,4.0485,2.0132,4.2592,6.575,0,39.5104,0.3169,数据不足,,数据不足
603260,2026-07-28,1.0,0.3,1.0,0.5,0.0,7.7656,2.3846,4.2764,8.7562,0,56.6059,0.2793,数据不足,,数据不足
300999,2026-07-28,1.0,0.65,1.0,0.5,0.0,7.2281,6.7709,6.9471,4.7812,0,66.3085,0.3169,数据不足,,数据不足
300896,2026-07-28,1.0,0.65,0.75,0.5,0.0,6.028,2.9486,8.086,3.8125,0,52.6068,0.2727,数据不足,,数据不足
688981,2026-07-28,1.0,0.65,1.0,0.5,0.0,9.4115,6.9255,5.7615,1.55,0,65.9956,0.3692,数据不足,,数据不足
002466,2026-07-28,1.0,0.65,1.0,0.5,0.0,5.5654,1.2971,5.1434,4.7688,0,41.5322,0.31,数据不足,,数据不足
601898,2026-07-28,1.0,0.65,1.0,0.5,0.0,4.6976,1.6573,6.3361,7.9812,0,47.6446,0.31,数据不足,,数据不足
000301,2026-07-28,1.0,0.65,1.0,0.5,0.0,5.6148,5.9106,3.9489,3.5062,0,49.7534,0.3134,数据不足,,数据不足
600905,2026-07-28,1.0,0.65,1.0,0.5,0.0,6.8725,2.4841,3.3293,4.6438,0,44.9464,0.3169,数据不足,,数据不足
601728,2026-07-28,1.0,0.65,1.0,0.5,0.0,4.6032,2.919,7.9642,6.4,0,51.8173,0.296,数据不足,,数据不足
300316,2026-07-28,1.0,0.65,1.0,0.5,0.0,7.0249,1.2134,5.5219,2.6688,0,43.5055,0.31,数据不足,,数据不足
300760,2026-07-28,1.0,0.65,1.0,0.5,0.0,6.8803,3.2031,7.4682,4.0938,0,55.2507,0.3134,数据不足,,数据不足
601868,2026-07-28,1.0,0.65,1.0,0.5,0.0,2.2873,5.0968,3.3817,6.6312,0,40.3488,0.3169,数据不足,,数据不足
300750,2026-07-28,1.0,0.65,1.0,0.5,0.0,7.0898,7.5304,4.1857,4.2625,0,60.9563,0.6164,可评价,,基本面不准入
002709,2026-07-28,1.0,0.65,1.0,0.5,0.0,6.8972,7.7293,6.9104,4.0188,0,66.5154,0.31,数据不足,,数据不足
605499,2026-07-28,1.0,0.65,0.75,0.5,0.0,7.2098,8.6358,8.3727,4.2438,0,73.7001,0.2954,数据不足,,数据不足
688396,2026-07-28,1.0,0.65,0.75,0.5,0.0,4.2061,3.3214,5.7192,2.8312,0,40.6746,0.2792,数据不足,,数据不足
688126,2026-07-28,0.7,0.3,1.0,0.5,0.0,1.5557,6.3497,4.4835,7.0125,0,44.4744,0.2406,数据不足,,数据不足
688111,2026-07-28,1.0,0.65,0.75,0.5,0.0,7.2522,8.5014,6.3825,3.0875,0,67.1181,0.276,数据不足,,数据不足
601995,2026-07-28,0.6,0.65,0.25,0.5,0.0,7.5613,6.8034,2.125,6.725,0,60.0334,0.2009,数据不足,,数据不足
600426,2026-07-28,1.0,0.65,1.0,0.5,0.0,5.2593,6.3065,6.9878,6.5625,0,61.5149,0.31,数据不足,,数据不足
688008,2026-07-28,1.0,0.65,1.0,0.5,0.0,6.6826,9.8402,7.9827,1.6437,0,70.088,0.31,数据不足,,数据不足
600600,2026-07-28,1.0,0.65,0.75,0.5,0.0,7.4116,4.1913,6.4866,5.975,0,60.7208,0.2889,数据不足,,数据不足
688012,2026-07-28,1.0,0.65,1.0,0.5,0.0,5.371,8.3472,6.7157,1.4437,0,58.42,0.31,数据不足,,数据不足
002049,2026-07-28,1.0,0.65,1.0,0.5,0.0,3.6437,2.3103,5.201,3.6312,0,36.1731,0.31,数据不足,,数据不足
600150,2026-07-28,1.0,0.3,1.0,0.5,0.0,5.8743,9.8427,4.6693,5.5562,0,66.5583,0.2793,数据不足,,数据不足
603392,2026-07-28,0.7,0.3,1.0,0.5,0.0,1.1737,1.0315,5.6053,7.6312,0,31.9524,0.2354,数据不足,,数据不足
688036,2026-07-28,1.0,0.65,1.0,0.5,0.0,4.1971,7.8238,6.4868,4.0688,0,56.9195,0.31,数据不足,,数据不足
600584,2026-07-28,1.0,0.65,1.0,0.5,0.0,7.2527,8.3982,5.7632,2.3188,0,64.1755,0.3134,数据不足,,数据不足
600845,2026-07-28,1.0,0.65,1.0,0.5,0.0,5.9542,3.1279,5.6868,3.1812,0,46.4754,0.2891,数据不足,,数据不足
600918,2026-07-28,0.6,0.65,0.5,0.5,0.0,6.8365,2.6552,6.3897,5.6687,0,53.811,0.2224,数据不足,,数据不足
603369,2026-07-28,1.0,0.65,1.0,0.5,0.0,7.9018,4.5652,5.6858,6.6,0,62.6555,0.3134,数据不足,,数据不足
601100,2026-07-28,1.0,0.65,1.0,0.5,0.0,5.8792,4.5739,7.1418,2.3687,0,52.1214,0.31,数据不足,,数据不足
000708,2026-07-28,1.0,0.65,1.0,0.5,0.0,4.536,3.6396,5.6263,7.3062,0,49.9102,0.2925,数据不足,,数据不足
002371,2026-07-28,1.0,0.65,1.0,0.5,0.0,5.8361,8.9134,4.804,1.6625,0,57.6593,0.3169,数据不足,,数据不足
003816,2026-07-28,1.0,0.65,1.0,0.5,0.0,7.0048,2.5224,3.5371,5.75,0,47.7996,0.3134,数据不足,,数据不足
300014,2026-07-28,1.0,0.65,1.0,0.5,0.0,4.1615,7.7736,4.6254,4.5125,0,53.2645,0.2995,数据不足,,数据不足
300628,2026-07-28,1.0,0.65,0.75,0.5,0.0,7.0949,7.3128,6.6286,4.5688,0,66.3077,0.2695,数据不足,,数据不足
601658,2026-07-28,0.6,0.65,0.25,0.5,0.0,3.9185,4.0291,1.0625,8.9062,0,41.4585,0.2009,数据不足,,数据不足
000977,2026-07-28,1.0,0.65,1.0,0.5,0.0,3.9032,9.2585,4.1667,2.7562,0,52.582,0.3169,数据不足,,数据不足
601816,2026-07-28,1.0,0.65,0.85,0.5,0.0,3.8743,5.5797,6.5205,6.4188,0,53.6016,0.304,数据不足,,数据不足
002916,2026-07-28,1.0,0.65,1.0,0.5,0.0,6.1217,9.1584,5.3302,2.0125,0,61.0448,0.296,数据不足,,数据不足
600183,2026-07-28,1.0,0.65,1.0,0.5,0.0,6.8775,9.0177,6.3786,1.8063,0,65.1592,0.3134,数据不足,,数据不足
600989,2026-07-28,1.0,0.65,1.0,0.5,0.0,7.4022,8.4375,6.4341,5.95,0,72.3261,0.296,数据不足,,数据不足
601698,2026-07-28,1.0,0.65,0.75,0.5,0.0,6.8848,1.882,6.4296,1.5875,0,45.111,0.2954,数据不足,,数据不足
603501,2026-07-28,1.0,0.65,1.0,0.5,0.0,4.0829,8.6292,6.4146,3.7562,0,58.0947,0.3169,数据不足,,数据不足
000596,2026-07-28,1.0,0.65,1.0,0.5,0.0,7.3649,4.3653,6.0598,6.0562,0,60.2356,0.3134,数据不足,,数据不足
002938,2026-07-28,1.0,0.65,1.0,0.5,0.0,4.4458,3.8546,6.5132,2.4812,0,44.1356,0.3169,数据不足,,数据不足
300413,2026-07-28,1.0,0.65,0.75,0.5,0.0,7.3717,2.2506,6.8499,5.55,0,55.2961,0.2792,数据不足,,数据不足
300498,2026-07-28,0.7,0.3,1.0,0.5,0.0,1.6038,5.4685,5.8464,3.9,0,40.0285,0.2195,数据不足,,数据不足
601319,2026-07-28,0.6,0.65,0.25,0.5,0.0,6.0893,3.3412,2.3438,8.3625,0,48.7247,0.2009,数据不足,,数据不足
603019,2026-07-28,1.0,0.65,1.0,0.5,0.0,4.875,7.8106,5.6978,2.3312,0,54.4932,0.2995,数据不足,,数据不足
603986,2026-07-28,1.0,0.65,0.75,0.5,0.0,7.409,9.5331,7.7258,1.7375,0,71.2419,0.2954,数据不足,,数据不足
002179,2026-07-28,1.0,0.65,1.0,0.5,0.0,2.5595,2.0674,6.1662,3.8812,0,34.4457,0.2995,数据不足,,数据不足
002001,2026-07-28,1.0,0.65,1.0,0.5,0.0,6.6755,8.3564,6.2597,6.3062,0,69.8847,0.3134,数据不足,,数据不足
601138,2026-07-28,1.0,0.65,0.75,0.5,0.0,7.4113,8.8798,5.9676,3.325,0,68.1735,0.2922,数据不足,,数据不足
002311,2026-07-28,1.0,0.65,1.0,0.5,0.0,5.0753,5.8808,7.587,4.8625,0,58.2172,0.31,数据不足,,数据不足
600760,2026-07-28,1.0,0.65,0.75,0.5,0.0,8.0772,1.1413,2.1464,3.0437,0,39.9371,0.2922,数据不足,,数据不足
601066,2026-07-28,0.6,0.65,0.25,0.5,0.0,8.1485,5.5953,2.625,5.6,0,57.8709,0.2009,数据不足,,数据不足
603259,2026-07-28,1.0,0.65,1.0,0.5,0.0,6.7695,7.3712,7.4421,4.7063,0,67.4222,0.31,数据不足,,数据不足
002050,2026-07-28,1.0,0.65,1.0,0.5,0.0,5.4778,6.7805,6.4971,3.2438,0,56.9381,0.3169,数据不足,,数据不足
300433,2026-07-28,0.7,0.3,1.0,0.5,0.0,1.2297,6.9161,5.6823,3.1438,0,41.1774,0.2036,数据不足,,数据不足
002493,2026-07-28,1.0,0.3,1.0,0.5,0.0,6.2672,2.2902,4.2924,3.9375,0,43.3537,0.2732,数据不足,,数据不足
300408,2026-07-28,1.0,0.65,1.0,0.5,0.0,5.451,8.7145,6.3362,2.025,0,59.8324,0.296,数据不足,,数据不足
600176,2026-07-28,1.0,0.65,1.0,0.5,0.0,5.3929,7.6141,5.8781,3.1375,0,57.4181,0.2995,数据不足,,数据不足
600438,2026-07-28,0.7,0.3,1.0,0.5,0.0,1.5741,1.1259,3.3091,8.5875,0,30.0405,0.2644,数据不足,,数据不足
600809,2026-07-28,1.0,0.65,0.75,0.5,0.0,8.2693,4.7836,5.4097,5.7875,0,62.5194,0.2954,数据不足,,数据不足
601360,2026-07-28,1.0,0.3,1.0,0.5,0.0,7.2032,3.6434,6.7166,3.3313,0,54.6092,0.2793,数据不足,,数据不足
600025,2026-07-28,1.0,0.65,1.0,0.5,0.0,4.3603,6.9373,4.665,4.9,0,52.338,0.3134,数据不足,,数据不足
600346,2026-07-28,1.0,0.65,1.0,0.5,0.0,5.8979,5.9526,4.8443,7.0625,0,58.7306,0.2891,数据不足,,数据不足
603288,2026-07-28,1.0,0.65,0.75,0.5,0.0,6.2048,5.9964,9.1976,3.4125,0,63.4662,0.2889,数据不足,,数据不足
601238,2026-07-28,0.7,0.3,1.0,0.5,0.0,1.1816,1.7552,5.5201,9.5312,0,36.9668,0.2406,数据不足,,数据不足
601838,2026-07-28,0.6,0.65,0.25,0.5,0.0,5.1123,5.0672,1.2812,8.9188,0,48.8284,0.1854,数据不足,,数据不足
601012,2026-07-28,0.7,0.3,1.0,0.5,0.0,1.521,1.1573,4.3036,8.2125,0,31.5359,0.238,数据不足,,数据不足
603799,2026-07-28,1.0,0.65,1.0,0.5,0.0,5.7982,7.0205,4.568,7.7188,0,61.8444,0.2716,数据不足,,数据不足
600011,2026-07-28,1.0,0.65,1.0,0.5,0.0,6.1319,5.186,4.2618,7.8062,0,57.3264,0.3134,数据不足,,数据不足
002460,2026-07-28,1.0,0.65,1.0,0.5,0.0,5.4108,2.5934,4.4055,4.7125,0,42.8841,0.3169,数据不足,,数据不足
601878,2026-07-28,0.6,0.65,0.25,0.5,0.0,6.7149,4.1886,2.9375,6.8375,0,51.9415,0.1965,数据不足,,数据不足
300122,2026-07-28,0.7,0.3,1.0,0.5,0.0,1.7239,1.0629,3.1762,8.0688,0,29.2052,0.2354,数据不足,,数据不足
300015,2026-07-28,1.0,0.65,1.0,0.5,0.0,6.9122,6.1829,7.9533,4.3125,0,65.0768,0.296,数据不足,,数据不足
002352,2026-07-28,1.0,0.65,1.0,0.5,0.0,4.8094,5.8913,6.8788,6.3313,0,58.2344,0.3134,数据不足,,数据不足
600436,2026-07-28,1.0,0.65,1.0,0.5,0.0,7.1574,3.5628,7.8876,2.8562,0,56.043,0.3169,数据不足,,数据不足
600919,2026-07-28,0.6,0.65,0.25,0.5,0.0,5.555,5.5816,1.0937,8.9562,0,51.3787,0.1987,数据不足,,数据不足
600926,2026-07-28,0.6,0.65,0.25,0.5,0.0,4.1484,5.6605,1.25,8.8375,0,47.0586,0.1854,数据不足,,数据不足
601229,2026-07-28,0.6,0.65,0.25,0.5,0.0,3.8379,4.2161,1.3125,9.2438,0,42.8272,0.1876,数据不足,,数据不足
601881,2026-07-28,0.6,0.65,0.25,0.5,0.0,4.145,4.3222,2.6875,7.9438,0,45.0346,0.2009,数据不足,,数据不足
002714,2026-07-28,0.7,0.3,1.0,0.5,0.0,1.3532,5.5315,5.5634,4.775,0,40.1973,0.2195,数据不足,,数据不足
300033,2026-07-28,1.0,0.65,0.6,0.5,0.0,5.8372,7.917,5.0801,2.0563,0,56.1651,0.2608,数据不足,,数据不足
601877,2026-07-28,1.0,0.65,1.0,0.5,0.0,5.4774,5.3886,4.0245,7.8125,0,55.1905,0.2682,数据不足,,数据不足
000938,2026-07-28,1.0,0.65,1.0,0.5,0.0,4.2678,7.5803,3.3663,2.2688,0,46.5444,0.3134,数据不足,,数据不足
002027,2026-07-28,1.0,0.65,1.0,0.5,0.0,8.042,5.1615,8.3291,4.1125,0,66.5073,0.3134,数据不足,,数据不足
600061,2026-07-28,1.0,0.65,0.85,0.5,0.0,5.5781,4.0262,4.5298,8.2,0,53.5104,0.304,数据不足,,数据不足
001979,2026-07-28,1.0,0.3,1.0,0.5,0.0,6.1187,7.6084,3.5298,4.65,0,57.124,0.2793,数据不足,,数据不足
601211,2026-07-28,0.6,0.65,0.5,0.5,0.0,6.6342,7.8579,4.892,7.2062,0,66.8228,0.2102,数据不足,,数据不足
601985,2026-07-28,1.0,0.65,1.0,0.5,0.0,7.2255,2.976,2.7304,5.7125,0,47.9401,0.3169,数据不足,,数据不足
002736,2026-07-28,0.6,0.65,0.25,0.5,0.0,6.15,5.008,3.375,8.15,0,55.4946,0.2009,数据不足,,数据不足
300059,2026-07-28,1.0,0.65,0.6,0.5,0.0,6.0536,7.8914,2.342,4.4875,0,54.7829,0.267,数据不足,,数据不足
600958,2026-07-28,0.6,0.65,0.25,0.5,0.0,6.4494,3.8261,2.875,8.0375,0,51.9105,0.2009,数据不足,,数据不足
601021,2026-07-28,1.0,0.65,1.0,0.5,0.0,6.4859,8.0414,5.8213,5.5625,0,66.1639,0.3169,数据不足,,数据不足
601788,2026-07-28,0.6,0.65,0.5,0.5,0.0,2.976,4.7857,6.4643,6.9438,0,49.1517,0.2224,数据不足,,数据不足
601919,2026-07-28,1.0,0.65,1.0,0.5,0.0,5.4435,3.5551,5.9596,8.2437,0,55.0036,0.3169,数据不足,,数据不足
000166,2026-07-28,0.6,0.65,0.25,0.5,0.0,6.1879,4.3059,2.8125,7.9188,0,52.0349,0.2009,数据不足,,数据不足
600570,2026-07-28,1.0,0.65,1.0,0.5,0.0,2.1088,2.8036,6.6586,3.675,0,35.739,0.3169,数据不足,,数据不足
300124,2026-07-28,1.0,0.65,1.0,0.5,0.0,4.5472,7.7285,6.3886,3.4375,0,56.5513,0.31,数据不足,,数据不足
601225,2026-07-28,1.0,0.65,1.0,0.5,0.0,6.7649,2.0695,7.2992,6.225,0,54.8939,0.2995,数据不足,,数据不足
002475,2026-07-28,1.0,0.65,1.0,0.5,0.0,4.2766,7.2191,4.965,3.6188,0,51.373,0.3134,数据不足,,数据不足
600018,2026-07-28,1.0,0.65,1.0,0.5,0.0,4.8491,5.5063,6.3669,8.5,0,59.7743,0.3169,数据不足,,数据不足
002230,2026-07-28,0.7,0.3,1.0,0.5,0.0,1.0774,8.458,4.2809,2.0375,0,39.9948,0.238,数据不足,,数据不足
000333,2026-07-28,1.0,0.65,1.0,0.5,0.0,6.8308,6.2238,6.2829,5.925,0,63.8946,0.3169,数据不足,,数据不足
000963,2026-07-28,1.0,0.65,1.0,0.5,0.0,5.0767,5.0252,5.8467,6.4812,0,54.6759,0.296,数据不足,,数据不足
603993,2026-07-28,1.0,0.65,1.0,0.5,0.0,7.8764,8.7459,7.5388,4.8687,0,75.4166,0.2995,数据不足,,数据不足
002236,2026-07-28,1.0,0.65,0.75,0.5,0.0,3.0351,5.6199,5.3054,7.1812,0,49.4862,0.2565,数据不足,,数据不足
600886,2026-07-28,1.0,0.65,1.0,0.5,0.0,5.1018,4.2945,4.6495,6.3438,0,49.8402,0.3169,数据不足,,数据不足
601800,2026-07-28,1.0,0.65,1.0,0.5,0.0,5.5279,2.4492,3.523,9.0938,0,48.2148,0.3169,数据不足,,数据不足
000725,2026-07-28,1.0,0.3,1.0,0.5,0.0,7.3571,6.2867,4.641,4.85,0,60.3836,0.2793,数据不足,,数据不足
002241,2026-07-28,1.0,0.65,1.0,0.5,0.0,2.1313,6.1211,5.1336,5.3812,0,44.4839,0.296,数据不足,,数据不足
601336,2026-07-28,0.6,0.65,0.25,0.5,0.0,8.4416,2.6528,1.1563,8.25,0,51.827,0.2009,数据不足,,数据不足
601633,2026-07-28,1.0,0.3,1.0,0.5,0.0,3.9198,7.514,6.9476,6.6562,0,60.4711,0.264,数据不足,,数据不足
601669,2026-07-28,1.0,0.65,1.0,0.5,0.0,5.2317,3.0722,3.5259,8.7188,0,48.3392,0.3169,数据不足,,数据不足
601901,2026-07-28,0.6,0.65,0.25,0.5,0.0,7.0797,8.428,2.4375,7.4438,0,64.8329,0.2009,数据不足,,数据不足
002594,2026-07-28,1.0,0.65,1.0,0.5,0.0,3.5718,5.2108,4.598,3.7562,0,42.8589,0.3134,数据不足,,数据不足
601377,2026-07-28,0.6,0.65,0.25,0.5,0.0,2.9992,2.5266,2.9688,7.0688,0,35.394,0.2009,数据不足,,数据不足
000776,2026-07-28,0.6,0.65,0.25,0.5,0.0,7.1436,8.1013,2.2813,7.8375,0,64.4476,0.1965,数据不足,,数据不足
002415,2026-07-28,1.0,0.65,1.0,0.5,0.0,6.9897,6.0416,6.5839,4.6562,0,62.4725,0.6164,可评价,,基本面不准入
600115,2026-07-28,1.0,0.3,1.0,0.5,0.0,6.0249,7.8916,4.7329,2.1875,0,56.1673,0.2793,数据不足,,数据不足
600276,2026-07-28,1.0,0.65,0.75,0.5,0.0,5.8183,7.1195,7.3042,2.8125,0,60.09,0.2727,数据不足,,数据不足
600406,2026-07-28,1.0,0.65,1.0,0.5,0.0,2.2602,6.5032,6.2499,4.4563,0,46.9142,0.3169,数据不足,,数据不足
600887,2026-07-28,1.0,0.65,1.0,0.5,0.0,7.0887,5.346,6.3922,6.0437,0,62.757,0.3169,数据不足,,数据不足
600893,2026-07-28,1.0,0.3,1.0,0.5,0.0,7.0077,4.9336,4.4154,2.9375,0,51.7713,0.2732,数据不足,,数据不足
601818,2026-07-28,0.6,0.65,0.25,0.5,0.0,2.4374,2.7054,1.5,9.5063,0,34.8166,0.2009,数据不足,,数据不足
601288,2026-07-28,0.6,0.65,0.25,0.5,0.0,4.1893,4.2541,1.125,8.4938,0,42.4375,0.2009,数据不足,,数据不足
002304,2026-07-28,1.0,0.65,1.0,0.5,0.0,6.6811,1.4914,6.6564,4.3938,0,48.5281,0.31,数据不足,,数据不足
600999,2026-07-28,0.6,0.65,0.5,0.5,0.0,6.8492,6.5874,5.8607,7.7188,0,67.0174,0.2224,数据不足,,数据不足
601688,2026-07-28,0.6,0.65,0.5,0.5,0.0,7.0665,5.6975,6.1527,8.05,0,66.4707,0.2224,数据不足,,数据不足
601888,2026-07-28,1.0,0.65,1.0,0.5,0.0,6.6589,3.1012,6.2369,4.7313,0,52.5559,0.3169,数据不足,,数据不足
601618,2026-07-28,1.0,0.65,1.0,0.5,0.0,2.67,1.5596,4.4711,5.625,0,32.543,0.3169,数据不足,,数据不足
601668,2026-07-28,1.0,0.65,1.0,0.5,0.0,2.7356,3.3114,3.6746,9.4438,0,42.2222,0.3134,数据不足,,数据不足
601766,2026-07-28,1.0,0.65,1.0,0.5,0.0,2.8995,8.856,5.0996,7.7875,0,58.5766,0.3169,数据不足,,数据不足
600588,2026-07-28,0.7,0.3,1.0,0.5,0.0,1.3632,3.2657,5.3862,7.0438,0,37.3244,0.2274,数据不足,,数据不足
601186,2026-07-28,1.0,0.65,1.0,0.5,0.0,5.3927,2.2263,3.1163,9.6,0,47.085,0.3169,数据不足,,数据不足
601899,2026-07-28,1.0,0.65,1.0,0.5,0.0,7.6439,7.5542,6.5119,5.6,0,70.2678,0.2891,数据不足,,数据不足
601390,2026-07-28,1.0,0.65,1.0,0.5,0.0,5.3437,1.9427,3.3683,9.425,0,46.4022,0.3169,数据不足,,数据不足
601601,2026-07-28,0.6,0.65,0.5,0.5,0.0,7.3036,2.9692,5.8362,8.8125,0,60.2497,0.2199,数据不足,,数据不足
601939,2026-07-28,0.6,0.65,0.25,0.5,0.0,6.8074,3.5538,1.4375,8.6125,0,50.1118,0.2009,数据不足,,数据不足
000338,2026-07-28,1.0,0.65,1.0,0.5,0.0,4.6668,6.0392,5.8027,5.275,0,54.0181,0.3169,数据不足,,数据不足
000895,2026-07-28,1.0,0.65,1.0,0.5,0.0,6.4885,2.9758,8.3351,5.0125,0,56.7709,0.3134,数据不足,,数据不足
002142,2026-07-28,0.6,0.65,0.25,0.5,0.0,7.8126,5.3828,1.1875,8.6938,0,58.1226,0.1899,数据不足,,数据不足
600111,2026-07-28,1.0,0.65,1.0,0.5,0.0,4.7793,4.7268,6.1532,2.5625,0,47.0058,0.3134,数据不足,,数据不足
601009,2026-07-28,0.6,0.65,0.25,0.5,0.0,7.5289,5.3627,1.2188,8.9062,0,57.5448,0.1854,数据不足,,数据不足
601169,2026-07-28,0.6,0.65,0.25,0.5,0.0,7.3647,4.7585,1.375,9.4188,0,56.5204,0.1965,数据不足,,数据不足
601857,2026-07-28,1.0,0.65,1.0,0.5,0.0,5.7447,4.087,7.2433,7.4562,0,59.0248,0.3169,数据不足,,数据不足
601088,2026-07-28,1.0,0.65,1.0,0.5,0.0,5.0312,1.9337,7.731,5.575,0,48.6141,0.2995,数据不足,,数据不足
601328,2026-07-28,0.6,0.65,0.25,0.5,0.0,6.3974,4.0223,1.4688,9.0625,0,50.8658,0.2009,数据不足,,数据不足
601998,2026-07-28,0.6,0.65,0.25,0.5,0.0,7.3099,4.1139,1.6875,9.1,0,54.7106,0.2009,数据不足,,数据不足
601600,2026-07-28,1.0,0.65,1.0,0.5,0.0,7.4827,5.8594,6.598,7.075,0,67.6722,0.296,数据不足,,数据不足
601318,2026-07-28,0.6,0.65,0.5,0.5,0.0,6.6708,2.0991,4.7491,8.5375,0,52.8495,0.2199,数据不足,,数据不足
601166,2026-07-28,0.6,0.65,0.25,0.5,0.0,6.5708,3.389,1.5625,9.3875,0,50.4348,0.2009,数据不足,,数据不足
601628,2026-07-28,0.6,0.65,0.5,0.5,0.0,7.5886,3.5145,5.6388,7.5375,0,60.1509,0.2224,数据不足,,数据不足
600547,2026-07-28,1.0,0.65,1.0,0.5,0.0,6.2038,8.977,5.7865,4.2438,0,65.5473,0.3169,数据不足,,数据不足
601111,2026-07-28,1.0,0.3,1.0,0.5,0.0,5.5092,8.3636,4.6235,3.125,0,57.079,0.2793,数据不足,,数据不足
600048,2026-07-28,1.0,0.65,1.0,0.5,0.0,9.448,2.9869,3.5586,4.6563,0,55.4584,0.31,数据不足,,数据不足
601398,2026-07-28,0.6,0.65,0.25,0.5,0.0,3.8963,3.5493,1.3437,8.7188,0,40.3641,0.2009,数据不足,,数据不足
601006,2026-07-28,1.0,0.65,1.0,0.5,0.0,3.2468,2.4286,6.5137,7.2312,0,44.0956,0.3169,数据不足,,数据不足
601988,2026-07-28,0.6,0.65,0.25,0.5,0.0,6.1827,3.9615,1.5938,8.7,0,49.6549,0.2009,数据不足,,数据不足
000768,2026-07-28,1.0,0.65,1.0,0.5,0.0,5.0038,3.8176,4.5287,3.4625,0,43.1182,0.3134,数据不足,,数据不足
000538,2026-07-28,1.0,0.65,1.0,0.5,0.0,6.4465,5.2647,7.9806,5.7063,0,63.3577,0.3169,数据不足,,数据不足
600690,2026-07-28,1.0,0.65,1.0,0.5,0.0,5.6243,4.8242,5.863,7.3688,0,57.4585,0.31,数据不足,,数据不足
600660,2026-07-28,1.0,0.65,1.0,0.5,0.0,5.6313,7.2273,5.2916,5.2875,0,59.4183,0.2891,数据不足,,数据不足
600585,2026-07-28,1.0,0.65,1.0,0.5,0.0,7.9899,1.7309,6.527,8.3625,0,59.8831,0.3169,数据不足,,数据不足
600519,2026-07-28,1.0,0.65,0.75,0.5,0.0,7.813,6.0178,5.7856,4.1938,0,62.606,0.2792,数据不足,,数据不足
600362,2026-07-28,1.0,0.65,1.0,0.5,0.0,5.5199,5.9006,6.0758,5.9125,0,58.146,0.3134,数据不足,,数据不足
600309,2026-07-28,1.0,0.65,1.0,0.5,0.0,5.4669,4.36,5.1131,5.7,0,51.1965,0.2856,数据不足,,数据不足
000625,2026-07-28,1.0,0.65,0.75,0.5,0.0,7.4962,1.925,5.4084,6.125,0,52.5618,0.2889,数据不足,,数据不足
000651,2026-07-28,1.0,0.65,1.0,0.5,0.0,6.0606,5.9159,5.7211,7.9688,0,62.6301,0.3134,数据不足,,数据不足
000568,2026-07-28,1.0,0.65,1.0,0.5,0.0,7.5832,3.8459,5.9457,6.4312,0,59.8917,0.3134,数据不足,,数据不足
000425,2026-07-28,1.0,0.65,1.0,0.5,0.0,5.1574,6.1343,4.4076,6.55,0,54.9425,0.3134,数据不足,,数据不足
000157,2026-07-28,1.0,0.65,1.0,0.5,0.0,3.4714,4.2734,3.4936,7.1438,0,43.1117,0.3134,数据不足,,数据不足
000063,2026-07-28,1.0,0.65,1.0,0.5,0.0,2.6468,3.2047,3.6631,4.2625,0,32.9691,0.2995,数据不足,,数据不足
000001,2026-07-28,0.6,0.65,0.25,0.5,0.0,6.507,2.9845,1.7188,9.4062,0,49.4769,0.1899,数据不足,,数据不足
600009,2026-07-28,1.0,0.3,0.75,0.5,0.0,3.3913,7.2937,7.2272,5.3812,0,56.5938,0.2578,数据不足,,数据不足
600010,2026-07-28,0.7,0.3,1.0,0.5,0.0,1.1975,1.9126,4.1997,8.4,0,32.637,0.238,数据不足,,数据不足
600015,2026-07-28,0.6,0.65,0.25,0.5,0.0,1.9414,3.3859,1.625,9.5562,0,35.4146,0.2009,数据不足,,数据不足
600016,2026-07-28,0.6,0.65,0.25,0.5,0.0,3.3991,3.1479,1.7813,9.4812,0,39.835,0.2009,数据不足,,数据不足
600019,2026-07-28,1.0,0.65,1.0,0.5,0.0,3.6158,4.4984,7.2916,8.1125,0,54.2726,0.3169,数据不足,,数据不足
600028,2026-07-28,1.0,0.65,1.0,0.5,0.0,3.1576,2.7664,6.0394,7.0312,0,43.3492,0.3134,数据不足,,数据不足
600029,2026-07-28,1.0,0.3,1.0,0.5,0.0,5.3498,6.7587,5.7241,4.2688,0,56.4417,0.2793,数据不足,,数据不足
600030,2026-07-28,0.6,0.65,0.5,0.5,0.0,7.7202,7.3535,6.1036,7.4438,0,72.13,0.2102,数据不足,,数据不足
600031,2026-07-28,1.0,0.65,1.0,0.5,0.0,5.2816,6.044,5.0365,5.2812,0,54.3883,0.3169,数据不足,,数据不足
600036,2026-07-28,0.6,0.65,0.25,0.5,0.0,7.0863,3.3365,1.7813,8.725,0,51.3892,0.1987,数据不足,,数据不足
600050,2026-07-28,1.0,0.65,1.0,0.5,0.0,4.0728,3.5868,6.2407,7.3375,0,49.6367,0.2891,数据不足,,数据不足
000858,2026-07-28,1.0,0.65,0.75,0.5,0.0,6.3478,1.8717,5.4518,5.0188,0,46.838,0.2954,数据不足,,数据不足
000002,2026-07-28,0.7,0.3,1.0,0.5,0.0,1.1821,1.1888,3.2412,9.6,0,30.4451,0.2406,数据不足,,数据不足
