研究排名,股票代码,评分日期,总分,置信度,研究分层,入选研究池,硬筛选原因,复核提醒,准入结论
1,002558,2026-07-28,80.0191,0.2763,观察,True,,,数据不足
2,000807,2026-07-28,79.8606,0.296,观察,True,,,数据不足
3,000975,2026-07-28,79.3068,0.2891,观察,True,,,数据不足
4,603993,2026-07-28,75.4166,0.2995,观察,True,,,数据不足
5,002602,2026-07-28,74.6846,0.3169,观察,True,,,数据不足
6,605499,2026-07-28,73.7001,0.2954,观察,True,,,数据不足
7,600066,2026-07-28,72.3783,0.2889,观察,True,,,数据不足
8,300308,2026-07-28,72.3761,0.2716,观察,True,,,数据不足
9,600989,2026-07-28,72.3261,0.296,观察,True,,,数据不足
10,002532,2026-07-28,71.7591,0.3134,观察,True,,,数据不足
11,688256,2026-07-28,71.2623,0.2578,观察,True,,,数据不足
12,603986,2026-07-28,71.2419,0.2954,观察,True,,,数据不足
13,605117,2026-07-28,70.841,0.3169,观察,True,,,数据不足
14,601899,2026-07-28,70.2678,0.2891,观察,True,,,数据不足
15,688008,2026-07-28,70.088,0.31,观察,True,,,数据不足
16,002001,2026-07-28,69.8847,0.3134,观察,True,,,数据不足
17,300394,2026-07-28,69.7212,0.2662,观察,True,,,数据不足
18,688183,2026-07-28,69.2256,0.2762,观察,True,,,数据不足
19,600489,2026-07-28,68.9545,0.3134,观察,True,,盈利为正但经营现金流为负，需复核连续性,数据不足
20,300502,2026-07-28,68.831,0.276,观察,True,,,数据不足
21,002074,2026-07-28,68.3084,0.2762,观察,True,,,数据不足
22,601138,2026-07-28,68.1735,0.2922,观察,True,,,数据不足
23,002648,2026-07-28,67.6893,0.2612,观察,True,,,数据不足
24,601600,2026-07-28,67.6722,0.296,观察,True,,,数据不足
25,300476,2026-07-28,67.5357,0.3134,观察,True,,,数据不足
26,603259,2026-07-28,67.4222,0.31,观察,True,,,数据不足
27,688111,2026-07-28,67.1181,0.276,观察,True,,,数据不足
28,302132,2026-07-28,67.1172,0.3134,观察,True,,,数据不足
29,601872,2026-07-28,66.8595,0.2995,观察,True,,,数据不足
30,000792,2026-07-28,66.6448,0.3169,观察,True,,,数据不足
31,600150,2026-07-28,66.5583,0.2793,观察,True,,,数据不足
32,301308,2026-07-28,66.5535,0.2732,观察,True,,盈利为正但经营现金流为负，需复核连续性,数据不足
33,002709,2026-07-28,66.5154,0.31,观察,True,,盈利为正但经营现金流为负，需复核连续性,数据不足
34,002027,2026-07-28,66.5073,0.3134,观察,True,,,数据不足
35,300999,2026-07-28,66.3085,0.3169,观察,True,,,数据不足
36,300628,2026-07-28,66.3077,0.2695,观察,True,,,数据不足
37,601021,2026-07-28,66.1639,0.3169,观察,True,,,数据不足
38,688981,2026-07-28,65.9956,0.3692,观察,True,,,数据不足
39,600547,2026-07-28,65.5473,0.3169,观察,True,,,数据不足
40,600183,2026-07-28,65.1592,0.3134,观察,True,,,数据不足
41,300015,2026-07-28,65.0768,0.296,观察,True,,,数据不足
42,600026,2026-07-28,65.0324,0.31,观察,True,,,数据不足
43,600160,2026-07-28,65.0162,0.3134,观察,True,,,数据不足
44,600233,2026-07-28,64.9946,0.2925,观察,True,,,数据不足
45,002463,2026-07-28,64.9539,0.2925,观察,True,,,数据不足
46,600221,2026-07-28,64.6766,0.3169,观察,True,,,数据不足
47,600938,2026-07-28,64.4978,0.3134,观察,True,,,数据不足
48,601058,2026-07-28,64.4487,0.31,观察,True,,,数据不足
49,600584,2026-07-28,64.1755,0.3134,观察,True,,,数据不足
50,000333,2026-07-28,63.8946,0.3169,观察,True,,,数据不足
51,600030,2026-07-28,72.13,0.2102,数据不足,False,,,数据不足
52,603893,2026-07-28,67.2953,0.2352,数据不足,False,,,数据不足
53,600999,2026-07-28,67.0174,0.2224,数据不足,False,,,数据不足
54,601211,2026-07-28,66.8228,0.2102,数据不足,False,,,数据不足
55,601688,2026-07-28,66.4707,0.2224,数据不足,False,,,数据不足
56,601901,2026-07-28,64.8329,0.2009,数据不足,False,,,数据不足
57,601456,2026-07-28,64.597,0.1965,数据不足,False,,,数据不足
58,000776,2026-07-28,64.4476,0.1965,数据不足,False,,,数据不足
59,601601,2026-07-28,60.2497,0.2199,数据不足,False,,,数据不足
60,601628,2026-07-28,60.1509,0.2224,数据不足,False,,,数据不足
61,601995,2026-07-28,60.0334,0.2009,数据不足,False,,,数据不足
62,300866,2026-07-28,59.9907,0.3169,数据不足,False,,盈利为正但经营现金流为负，需复核连续性,数据不足
63,000568,2026-07-28,59.8917,0.3134,数据不足,False,,,数据不足
64,600585,2026-07-28,59.8831,0.3169,数据不足,False,,,数据不足
65,300408,2026-07-28,59.8324,0.296,数据不足,False,,,数据不足
66,600018,2026-07-28,59.7743,0.3169,数据不足,False,,,数据不足
67,600023,2026-07-28,59.7286,0.31,数据不足,False,,,数据不足
68,603296,2026-07-28,59.7111,0.3169,数据不足,False,,,数据不足
69,000408,2026-07-28,59.6225,0.2751,数据不足,False,,盈利为正但经营现金流为负，需复核连续性,数据不足
70,300661,2026-07-28,59.5167,0.3065,数据不足,False,,,数据不足
71,600660,2026-07-28,59.4183,0.2891,数据不足,False,,,数据不足
72,300832,2026-07-28,59.2951,0.2889,数据不足,False,,,数据不足
73,601857,2026-07-28,59.0248,0.3169,数据不足,False,,,数据不足
74,000999,2026-07-28,58.7591,0.2995,数据不足,False,,,数据不足
75,600346,2026-07-28,58.7306,0.2891,数据不足,False,,,数据不足
76,300442,2026-07-28,58.6756,0.2473,数据不足,False,,,数据不足
77,601766,2026-07-28,58.5766,0.3169,数据不足,False,,盈利为正但经营现金流为负，需复核连续性,数据不足
78,688012,2026-07-28,58.42,0.31,数据不足,False,,盈利为正但经营现金流为负，需复核连续性,数据不足
79,600415,2026-07-28,58.3138,0.2925,数据不足,False,,,数据不足
80,002352,2026-07-28,58.2344,0.3134,数据不足,False,,,数据不足
81,002311,2026-07-28,58.2172,0.31,数据不足,False,,,数据不足
82,600362,2026-07-28,58.146,0.3134,数据不足,False,,,数据不足
83,002142,2026-07-28,58.1226,0.1899,数据不足,False,,,数据不足
84,603501,2026-07-28,58.0947,0.3169,数据不足,False,,,数据不足
85,002028,2026-07-28,57.8908,0.2995,数据不足,False,,盈利为正但经营现金流为负，需复核连续性,数据不足
86,601066,2026-07-28,57.8709,0.2009,数据不足,False,,,数据不足
87,002371,2026-07-28,57.6593,0.3169,数据不足,False,,,数据不足
88,601009,2026-07-28,57.5448,0.1854,数据不足,False,,,数据不足
89,600690,2026-07-28,57.4585,0.31,数据不足,False,,,数据不足
90,000630,2026-07-28,57.4461,0.3134,数据不足,False,,,数据不足
91,600176,2026-07-28,57.4181,0.2995,数据不足,False,,,数据不足
92,600011,2026-07-28,57.3264,0.3134,数据不足,False,,,数据不足
93,600027,2026-07-28,57.2036,0.3134,数据不足,False,,,数据不足
94,002384,2026-07-28,57.1625,0.31,数据不足,False,,,数据不足
95,001979,2026-07-28,57.124,0.2793,数据不足,False,,盈利为正但经营现金流为负，需复核连续性,数据不足
96,601111,2026-07-28,57.079,0.2793,数据不足,False,,,数据不足
97,002050,2026-07-28,56.9381,0.3169,数据不足,False,,,数据不足
98,688036,2026-07-28,56.9195,0.31,数据不足,False,,盈利为正但经营现金流为负，需复核连续性,数据不足
99,000895,2026-07-28,56.7709,0.3134,数据不足,False,,,数据不足
100,603260,2026-07-28,56.6059,0.2793,数据不足,False,,,数据不足
101,600009,2026-07-28,56.5938,0.2578,数据不足,False,,,数据不足
102,300124,2026-07-28,56.5513,0.31,数据不足,False,,,数据不足
103,601169,2026-07-28,56.5204,0.1965,数据不足,False,,,数据不足
104,600029,2026-07-28,56.4417,0.2793,数据不足,False,,,数据不足
105,600115,2026-07-28,56.1673,0.2793,数据不足,False,,,数据不足
106,300033,2026-07-28,56.1651,0.2608,数据不足,False,,,数据不足
107,600436,2026-07-28,56.043,0.3169,数据不足,False,,,数据不足
108,600482,2026-07-28,55.8658,0.3169,数据不足,False,,,数据不足
109,300418,2026-07-28,55.5086,0.2167,数据不足,False,,ROE与ROIC同时为负，需复核连续性,数据不足
110,002736,2026-07-28,55.4946,0.2009,数据不足,False,,,数据不足
111,600941,2026-07-28,55.4685,0.2856,数据不足,False,,,数据不足
112,600048,2026-07-28,55.4584,0.31,数据不足,False,,,数据不足
113,300413,2026-07-28,55.2961,0.2792,数据不足,False,,盈利为正但经营现金流为负，需复核连续性,数据不足
114,300760,2026-07-28,55.2507,0.3134,数据不足,False,,,数据不足
115,601877,2026-07-28,55.1905,0.2682,数据不足,False,,,数据不足
116,300803,2026-07-28,55.1052,0.2792,数据不足,False,,,数据不足
117,601919,2026-07-28,55.0036,0.3169,数据不足,False,,,数据不足
118,000425,2026-07-28,54.9425,0.3134,数据不足,False,,,数据不足
119,601225,2026-07-28,54.8939,0.2995,数据不足,False,,,数据不足
120,300059,2026-07-28,54.7829,0.267,数据不足,False,,,数据不足
121,601998,2026-07-28,54.7106,0.2009,数据不足,False,,,数据不足
122,000963,2026-07-28,54.6759,0.296,数据不足,False,,盈利为正但经营现金流为负，需复核连续性,数据不足
123,688041,2026-07-28,54.6403,0.2403,数据不足,False,,,数据不足
124,601360,2026-07-28,54.6092,0.2793,数据不足,False,,盈利为正但经营现金流为负，需复核连续性,数据不足
125,688082,2026-07-28,54.5752,0.31,数据不足,False,,盈利为正但经营现金流为负，需复核连续性,数据不足
126,601018,2026-07-28,54.5247,0.3134,数据不足,False,,盈利为正但经营现金流为负，需复核连续性,数据不足
127,603019,2026-07-28,54.4932,0.2995,数据不足,False,,盈利为正但经营现金流为负，需复核连续性,数据不足
128,600031,2026-07-28,54.3883,0.3169,数据不足,False,,,数据不足
129,600019,2026-07-28,54.2726,0.3169,数据不足,False,,,数据不足
130,600674,2026-07-28,54.1924,0.2751,数据不足,False,,,数据不足
131,000338,2026-07-28,54.0181,0.3169,数据不足,False,,盈利为正但经营现金流为负，需复核连续性,数据不足
132,600918,2026-07-28,53.811,0.2224,数据不足,False,,,数据不足
133,601816,2026-07-28,53.6016,0.304,数据不足,False,,,数据不足
134,600061,2026-07-28,53.5104,0.304,数据不足,False,,,数据不足
135,000988,2026-07-28,53.4194,0.3065,数据不足,False,,盈利为正但经营现金流为负，需复核连续性,数据不足
136,001965,2026-07-28,53.3145,0.2995,数据不足,False,,,数据不足
137,300014,2026-07-28,53.2645,0.2995,数据不足,False,,盈利为正但经营现金流为负，需复核连续性,数据不足
138,600930,2026-07-28,53.2492,0.2856,数据不足,False,,,数据不足
139,601117,2026-07-28,53.0816,0.31,数据不足,False,,盈利为正但经营现金流为负，需复核连续性,数据不足
140,601318,2026-07-28,52.8495,0.2199,数据不足,False,,,数据不足
141,600522,2026-07-28,52.6397,0.2995,数据不足,False,,盈利为正但经营现金流为负，需复核连续性,数据不足
142,300896,2026-07-28,52.6068,0.2727,数据不足,False,,,数据不足
143,000977,2026-07-28,52.582,0.3169,数据不足,False,,盈利为正但经营现金流为负，需复核连续性,数据不足
144,000625,2026-07-28,52.5618,0.2889,数据不足,False,,盈利为正但经营现金流为负，需复核连续性,数据不足
145,601888,2026-07-28,52.5559,0.3169,数据不足,False,,,数据不足
146,301269,2026-07-28,52.5026,0.2143,数据不足,False,,ROE与ROIC同时为负，需复核连续性,数据不足
147,600025,2026-07-28,52.338,0.3134,数据不足,False,,,数据不足
148,601689,2026-07-28,52.2637,0.3169,数据不足,False,,,数据不足
149,601100,2026-07-28,52.1214,0.31,数据不足,False,,,数据不足
150,601727,2026-07-28,52.1027,0.3169,数据不足,False,,盈利为正但经营现金流为负，需复核连续性,数据不足
151,601059,2026-07-28,52.0937,0.2009,数据不足,False,,,数据不足
152,000166,2026-07-28,52.0349,0.2009,数据不足,False,,,数据不足
153,601878,2026-07-28,51.9415,0.1965,数据不足,False,,,数据不足
154,600958,2026-07-28,51.9105,0.2009,数据不足,False,,,数据不足
155,601336,2026-07-28,51.827,0.2009,数据不足,False,,,数据不足
156,601728,2026-07-28,51.8173,0.296,数据不足,False,,,数据不足
157,600893,2026-07-28,51.7713,0.2732,数据不足,False,,,数据不足
158,600036,2026-07-28,51.3892,0.1987,数据不足,False,,,数据不足
159,600919,2026-07-28,51.3787,0.1987,数据不足,False,,,数据不足
160,002475,2026-07-28,51.373,0.3134,数据不足,False,,盈利为正但经营现金流为负，需复核连续性,数据不足
161,600309,2026-07-28,51.1965,0.2856,数据不足,False,,,数据不足
162,601328,2026-07-28,50.8658,0.2009,数据不足,False,,,数据不足
163,601166,2026-07-28,50.4348,0.2009,数据不足,False,,,数据不足
164,601939,2026-07-28,50.1118,0.2009,数据不足,False,,,数据不足
165,000708,2026-07-28,49.9102,0.2925,数据不足,False,,,数据不足
166,600886,2026-07-28,49.8402,0.3169,数据不足,False,,,数据不足
167,000301,2026-07-28,49.7534,0.3134,数据不足,False,,,数据不足
168,601988,2026-07-28,49.6549,0.2009,数据不足,False,,,数据不足
169,600050,2026-07-28,49.6367,0.2891,数据不足,False,,,数据不足
170,300251,2026-07-28,49.608,0.2695,数据不足,False,,盈利为正但经营现金流为负，需复核连续性,数据不足
171,002236,2026-07-28,49.4862,0.2565,数据不足,False,,盈利为正但经营现金流为负，需复核连续性,数据不足
172,000001,2026-07-28,49.4769,0.1899,数据不足,False,,,数据不足
173,600875,2026-07-28,49.4672,0.3169,数据不足,False,,盈利为正但经营现金流为负，需复核连续性,数据不足
174,601825,2026-07-28,49.27,0.1854,数据不足,False,,,数据不足
175,002837,2026-07-28,49.2023,0.2856,数据不足,False,,盈利为正但经营现金流为负，需复核连续性,数据不足
176,601788,2026-07-28,49.1517,0.2224,数据不足,False,,盈利为正但经营现金流为负，需复核连续性,数据不足
177,600515,2026-07-28,49.0597,0.31,数据不足,False,,盈利为正但经营现金流为负，需复核连续性,数据不足
178,601838,2026-07-28,48.8284,0.1854,数据不足,False,,,数据不足
179,601319,2026-07-28,48.7247,0.2009,数据不足,False,,,数据不足
180,601088,2026-07-28,48.6141,0.2995,数据不足,False,,,数据不足
181,002304,2026-07-28,48.5281,0.31,数据不足,False,,,数据不足
182,601669,2026-07-28,48.3392,0.3169,数据不足,False,,盈利为正但经营现金流为负，需复核连续性,数据不足
183,601800,2026-07-28,48.2148,0.3169,数据不足,False,,盈利为正但经营现金流为负，需复核连续性,数据不足
184,601985,2026-07-28,47.9401,0.3169,数据不足,False,,,数据不足
185,003816,2026-07-28,47.7996,0.3134,数据不足,False,,,数据不足
186,601898,2026-07-28,47.6446,0.31,数据不足,False,,,数据不足
187,600372,2026-07-28,47.1842,0.31,数据不足,False,,盈利为正但经营现金流为负，需复核连续性,数据不足
188,601186,2026-07-28,47.085,0.3169,数据不足,False,,盈利为正但经营现金流为负，需复核连续性,数据不足
189,600926,2026-07-28,47.0586,0.1854,数据不足,False,,盈利为正但经营现金流为负，需复核连续性,数据不足
190,600111,2026-07-28,47.0058,0.3134,数据不足,False,,盈利为正但经营现金流为负，需复核连续性,数据不足
191,600406,2026-07-28,46.9142,0.3169,数据不足,False,,盈利为正但经营现金流为负，需复核连续性,数据不足
192,600803,2026-07-28,46.8635,0.3169,数据不足,False,,,数据不足
193,000858,2026-07-28,46.838,0.2954,数据不足,False,,盈利为正但经营现金流为负，需复核连续性,数据不足
194,000617,2026-07-28,46.7102,0.294,数据不足,False,,盈利为正但经营现金流为负，需复核连续性,数据不足
195,688009,2026-07-28,46.7066,0.3169,数据不足,False,,盈利为正但经营现金流为负，需复核连续性,数据不足
196,000938,2026-07-28,46.5444,0.3134,数据不足,False,,盈利为正但经营现金流为负，需复核连续性,数据不足
197,600845,2026-07-28,46.4754,0.2891,数据不足,False,,,数据不足
198,601390,2026-07-28,46.4022,0.3169,数据不足,False,,盈利为正但经营现金流为负，需复核连续性,数据不足
199,002625,2026-07-28,46.0769,0.2889,数据不足,False,,,数据不足
200,601916,2026-07-28,45.9592,0.2009,数据不足,False,,,数据不足
201,002353,2026-07-28,45.7194,0.2716,数据不足,False,,盈利为正但经营现金流为负，需复核连续性,数据不足
202,601077,2026-07-28,45.4866,0.1987,数据不足,False,,,数据不足
203,601698,2026-07-28,45.111,0.2954,数据不足,False,,盈利为正但经营现金流为负，需复核连续性,数据不足
204,601881,2026-07-28,45.0346,0.2009,数据不足,False,,,数据不足
205,600905,2026-07-28,44.9464,0.3169,数据不足,False,,,数据不足
206,300450,2026-07-28,44.775,0.3134,数据不足,False,,,数据不足
207,002241,2026-07-28,44.4839,0.296,数据不足,False,,盈利为正但经营现金流为负，需复核连续性,数据不足
208,688126,2026-07-28,44.4744,0.2406,数据不足,False,,ROE与ROIC同时为负，需复核连续性,数据不足
209,688521,2026-07-28,44.1397,0.2406,数据不足,False,,ROE与ROIC同时为负，需复核连续性,数据不足
210,002938,2026-07-28,44.1356,0.3169,数据不足,False,,,数据不足
211,601006,2026-07-28,44.0956,0.3169,数据不足,False,,,数据不足
212,301236,2026-07-28,44.0846,0.2274,数据不足,False,,ROE与ROIC同时为负，需复核连续性,数据不足
213,300316,2026-07-28,43.5055,0.31,数据不足,False,,盈利为正但经营现金流为负，需复核连续性,数据不足
214,002493,2026-07-28,43.3537,0.2732,数据不足,False,,,数据不足
215,600028,2026-07-28,43.3492,0.3134,数据不足,False,,盈利为正但经营现金流为负，需复核连续性,数据不足
216,600188,2026-07-28,43.3314,0.3134,数据不足,False,,,数据不足
217,000768,2026-07-28,43.1182,0.3134,数据不足,False,,盈利为正但经营现金流为负，需复核连续性,数据不足
218,000157,2026-07-28,43.1117,0.3134,数据不足,False,,,数据不足
219,002460,2026-07-28,42.8841,0.3169,数据不足,False,,,数据不足
220,002594,2026-07-28,42.8589,0.3134,数据不足,False,,,数据不足
221,601229,2026-07-28,42.8272,0.1876,数据不足,False,,盈利为正但经营现金流为负，需复核连续性,数据不足
222,002202,2026-07-28,42.6598,0.2995,数据不足,False,,盈利为正但经营现金流为负，需复核连续性,数据不足
223,688047,2026-07-28,42.6059,0.2167,数据不足,False,,ROE与ROIC同时为负，需复核连续性,数据不足
224,601288,2026-07-28,42.4375,0.2009,数据不足,False,,,数据不足
225,002600,2026-07-28,42.3999,0.3169,数据不足,False,,,数据不足
226,601668,2026-07-28,42.2222,0.3134,数据不足,False,,盈利为正但经营现金流为负，需复核连续性,数据不足
227,688271,2026-07-28,41.9154,0.2922,数据不足,False,,盈利为正但经营现金流为负，需复核连续性,数据不足
228,600460,2026-07-28,41.5565,0.3169,数据不足,False,,,数据不足
229,002466,2026-07-28,41.5322,0.31,数据不足,False,,,数据不足
230,601658,2026-07-28,41.4585,0.2009,数据不足,False,,,数据不足
231,300433,2026-07-28,41.1774,0.2036,数据不足,False,,ROE与ROIC同时为负，需复核连续性,数据不足
232,688396,2026-07-28,40.6746,0.2792,数据不足,False,,,数据不足
233,301165,2026-07-28,40.6427,0.2662,数据不足,False,,盈利为正但经营现金流为负，需复核连续性,数据不足
234,601398,2026-07-28,40.3641,0.2009,数据不足,False,,,数据不足
235,601868,2026-07-28,40.3488,0.3169,数据不足,False,,盈利为正但经营现金流为负，需复核连续性,数据不足
236,002714,2026-07-28,40.1973,0.2195,数据不足,False,,ROE与ROIC同时为负，需复核连续性,数据不足
237,300498,2026-07-28,40.0285,0.2195,数据不足,False,,ROE与ROIC同时为负，需复核连续性,数据不足
238,002230,2026-07-28,39.9948,0.238,数据不足,False,,ROE与ROIC同时为负，需复核连续性,数据不足
239,600760,2026-07-28,39.9371,0.2922,数据不足,False,,,数据不足
240,600016,2026-07-28,39.835,0.2009,数据不足,False,,盈利为正但经营现金流为负，需复核连续性,数据不足
241,600089,2026-07-28,39.5104,0.3169,数据不足,False,,,数据不足
242,001280,2026-07-28,38.888,0.2061,数据不足,False,,,数据不足
243,002422,2026-07-28,38.8869,0.3134,数据不足,False,,,数据不足
244,601136,2026-07-28,38.4878,0.1987,数据不足,False,,盈利为正但经营现金流为负，需复核连续性,数据不足
245,600588,2026-07-28,37.3244,0.2274,数据不足,False,,ROE与ROIC同时为负，需复核连续性,数据不足
246,601238,2026-07-28,36.9668,0.2406,数据不足,False,,ROE与ROIC同时为负，需复核连续性,数据不足
247,688303,2026-07-28,36.4982,0.2192,数据不足,False,,ROE与ROIC同时为负，需复核连续性,数据不足
248,002049,2026-07-28,36.1731,0.31,数据不足,False,,盈利为正但经营现金流为负，需复核连续性,数据不足
249,600039,2026-07-28,36.0874,0.3169,数据不足,False,,盈利为正但经营现金流为负，需复核连续性,数据不足
250,600570,2026-07-28,35.739,0.3169,数据不足,False,,盈利为正但经营现金流为负，需复核连续性,数据不足
251,600015,2026-07-28,35.4146,0.2009,数据不足,False,,盈利为正但经营现金流为负，需复核连续性,数据不足
252,601377,2026-07-28,35.394,0.2009,数据不足,False,,,数据不足
253,601818,2026-07-28,34.8166,0.2009,数据不足,False,,盈利为正但经营现金流为负，需复核连续性,数据不足
254,002179,2026-07-28,34.4457,0.2995,数据不足,False,,盈利为正但经营现金流为负，需复核连续性,数据不足
255,000063,2026-07-28,32.9691,0.2995,数据不足,False,,盈利为正但经营现金流为负，需复核连续性,数据不足
256,600010,2026-07-28,32.637,0.238,数据不足,False,,ROE与ROIC同时为负，需复核连续性,数据不足
257,601618,2026-07-28,32.543,0.3169,数据不足,False,,盈利为正但经营现金流为负，需复核连续性,数据不足
258,603392,2026-07-28,31.9524,0.2354,数据不足,False,,ROE与ROIC同时为负，需复核连续性,数据不足
259,601012,2026-07-28,31.5359,0.238,数据不足,False,,ROE与ROIC同时为负，需复核连续性,数据不足
260,000002,2026-07-28,30.4451,0.2406,数据不足,False,,ROE与ROIC同时为负，需复核连续性,数据不足
261,688223,2026-07-28,30.4326,0.2406,数据不足,False,,ROE与ROIC同时为负，需复核连续性,数据不足
262,600438,2026-07-28,30.0405,0.2644,数据不足,False,,ROE与ROIC同时为负，需复核连续性,数据不足
263,300122,2026-07-28,29.2052,0.2354,数据不足,False,,ROE与ROIC同时为负，需复核连续性,数据不足
264,688506,2026-07-28,27.6371,0.2354,数据不足,False,,ROE与ROIC同时为负，需复核连续性,数据不足
265,600118,2026-07-28,23.7226,0.2195,数据不足,False,,ROE与ROIC同时为负，需复核连续性,数据不足
266,603288,2026-07-28,63.4662,0.2889,观察,False,,盈利为正但经营现金流为负，需复核连续性,数据不足
267,000538,2026-07-28,63.3577,0.3169,观察,False,,,数据不足
268,001391,2026-07-28,63.0237,0.2603,观察,False,,,数据不足
269,600887,2026-07-28,62.757,0.3169,观察,False,,,数据不足
270,603369,2026-07-28,62.6555,0.3134,观察,False,,,数据不足
271,000651,2026-07-28,62.6301,0.3134,观察,False,,,数据不足
272,000657,2026-07-28,62.6201,0.3065,观察,False,,盈利为正但经营现金流为负，需复核连续性,数据不足
273,600519,2026-07-28,62.606,0.2792,观察,False,,,数据不足
274,600809,2026-07-28,62.5194,0.2954,观察,False,,,数据不足
275,002415,2026-07-28,62.4725,0.6164,观察,False,,,基本面不准入
276,002920,2026-07-28,62.3026,0.31,观察,False,,,数据不足
277,603799,2026-07-28,61.8444,0.2716,观察,False,,,数据不足
278,600426,2026-07-28,61.5149,0.31,观察,False,,,数据不足
279,002916,2026-07-28,61.0448,0.296,观察,False,,,数据不足
280,300750,2026-07-28,60.9563,0.6164,观察,False,,,基本面不准入
281,600549,2026-07-28,60.7661,0.296,观察,False,,盈利为正但经营现金流为负，需复核连续性,数据不足
282,600600,2026-07-28,60.7208,0.2889,观察,False,,,数据不足
283,601633,2026-07-28,60.4711,0.264,观察,False,,,数据不足
284,000725,2026-07-28,60.3836,0.2793,观察,False,,,数据不足
285,000596,2026-07-28,60.2356,0.3134,观察,False,,,数据不足
286,688072,2026-07-28,60.2116,0.31,观察,False,,盈利为正但经营现金流为负，需复核连续性,数据不足
287,600219,2026-07-28,60.1223,0.2889,观察,False,,,数据不足
288,600276,2026-07-28,60.09,0.2727,观察,False,,,数据不足
